Filavacia,,,,,,,,,,,,,,,,,,,,,,,,,,,,,,,,,,,,,,,,,,,,,,,,,
1,0.9994,0.0986,104.2RG,137.2RG,50.9RG,88.2RG,73.13RG,86.2RG,,,,,,,,,,,,,,,,,,,,,,,,,,,,,,,,,,,,,,,,,
2,0.5019,0.0495,68.2RG,89.6RG,74.13RG,56.6,,,,,,,,,,,,,,,,,,,,,,,,,,,,,,,,,,,,,,,,,,,
3,1,0.0508,47.8RG,30.17RG,14.1RG,91.13RG,15.12RG,117.13,,,,,,,,,,,,,,,,,,,,,,,,,,,,,,,,,,,,,,,,,
4,0.9999,0.0938,51.18RG,55.9RG,2.17RG,133.13RG,90.18RG,30.2RG,148.13,,,,,,,,,,,,,,,,,,,,,,,,,,,,,,,,,,,,,,,,
5,0.8851,0.0878,97.19RG,19.18RG,51.17,121.1,5.7,122.6,166.6,38.5,,,,,,,,,,,,,,,,,,,,,,,,,,,,,,,,,,,,,,,
6,0.5194,0.0514,17.12RG,80.9RG,32.2RG,5.9RG,73.2,81.12,52.2,90.2,91.11,,,,,,,,,,,,,,,,,,,,,,,,,,,,,,,,,,,,,,
7,0.9907,0.0981,6.4RG,9.4RG,26.4RG,34.4,38.4,45.4,66.4,51.4,57.4,7.4,14.4,46.4,54.4,,,,,,,,,,,,,,,,,,,,,,,,,,,,,,,,,,
8,0.823,0.0808,55.19RG,53.8,1.6,38.8,176.18,96.19,,,,,,,,,,,,,,,,,,,,,,,,,,,,,,,,,,,,,,,,,
9,0.9994,0.0941,27.18RG,76.2RG,42.6,,,,,,,,,,,,,,,,,,,,,,,,,,,,,,,,,,,,,,,,,,,,
10,0.9998,0.0992,101.18RG,133.2RG,22.13RG,8.13RG,125.12RG,,,,,,,,,,,,,,,,,,,,,,,,,,,,,,,,,,,,,,,,,,
11,1,0.099,13.6RG,94.2RG,1.9RG,135.12RG,71.2RG,95.11,,,,,,,,,,,,,,,,,,,,,,,,,,,,,,,,,,,,,,,,,
12,1,0.0962,86.6RG,175.18RG,92.11,58.3,31.1,64.18,,,,,,,,,,,,,,,,,,,,,,,,,,,,,,,,,,,,,,,,,
13,1,0.0989,134.1RG,36.12RG,49.7RG,21.12RG,184.6,,,,,,,,,,,,,,,,,,,,,,,,,,,,,,,,,,,,,,,,,,
14,0.9962,0.0968,172.18RG,89.7RG,103.3RG,116.1,25.7,45.6,146.19,4.17,87.2,,,,,,,,,,,,,,,,,,,,,,,,,,,,,,,,,,,,,,
15,1,0.0978,50.4RG,13.4RG,56.4RG,16.4RG,33.4RG,44.4RG,41.4,21.15,24.4,47.4,62.4,,,,,,,,,,,,,,,,,,,,,,,,,,,,,,,,,,,,
16,0.9964,0.0987,111.12RG,2.7RG,31.8,22.11,119.18,18.2,140.12,70.13,54.13,,,,,,,,,,,,,,,,,,,,,,,,,,,,,,,,,,,,,,
17,1,0.0977,18.5RG,43.11RG,44.11RG,149.9,,,,,,,,,,,,,,,,,,,,,,,,,,,,,,,,,,,,,,,,,,,
18,0.9988,0.0989,181.18RG,130.18RG,168.13RG,28.7,98.2,54.2,75.3,,,,,,,,,,,,,,,,,,,,,,,,,,,,,,,,,,,,,,,,
19,0.9996,0.1037,121.18RG,139.12,56.13,11.18,57.13,185.18,,,,,,,,,,,,,,,,,,,,,,,,,,,,,,,,,,,,,,,,,
20,1,0.0997,149.3RG,177.6,188.6,2.3,,,,,,,,,,,,,,,,,,,,,,,,,,,,,,,,,,,,,,,,,,,
21,1,0.0989,18.19RG,52.17RG,31.17RG,1.2RG,94.13,93.13,43.13,,,,,,,,,,,,,,,,,,,,,,,,,,,,,,,,,,,,,,,,
22,1,0.0989,8.17RG,26.14RG,45.12RG,85.18,101.19,144.19,,,,,,,,,,,,,,,,,,,,,,,,,,,,,,,,,,,,,,,,,
23,1,0.0992,47.6RG,73.9RG,32.7RG,124.11,56.2,7.5,51.1,,,,,,,,,,,,,,,,,,,,,,,,,,,,,,,,,,,,,,,,
24,1,0.0993,25.3RG,27.1RG,42.1RG,43.1RG,44.1RG,67.3RG,103.1RG,120.1RG,140.1RG,150.1RG,157.1RG,2.1RG,3.1RG,16.1RG,28.1RG,70.1RG,74.1RG,76.1RG,79.1RG,91.1RG,92.1RG,122.1RG,123.1RG,141.1RG,,,,,,,,,,,,,,,,,,,,,,,
25,1,0.0993,109.6RG,10.3,44.6,132.9,20.13,,,,,,,,,,,,,,,,,,,,,,,,,,,,,,,,,,,,,,,,,,
26,1,0.0877,60.18RG,166.11,56.11,165.18,,,,,,,,,,,,,,,,,,,,,,,,,,,,,,,,,,,,,,,,,,,
27,1,0.099,5.15RG,42.4RG,14.15RG,36.4RG,18.4RG,21.4RG,43.4RG,32.4RG,4.4,27.4,28.4,52.4,9.15,59.4,,,,,,,,,,,,,,,,,,,,,,,,,,,,,,,,,
28,1,0.0994,48.14RG,31.14RG,36.14RG,100.14RG,135.14RG,19.14RG,42.14RG,121.14RG,86.14RG,16.14,35.14,103.14,109.14,58.14,65.14,104.14,88.14,,,,,,,,,,,,,,,,,,,,,,,,,,,,,,
29,0.956,0.0774,146.1RG,133.6,154.11,190.6,130.11,114.2,73.1,51.3,66.8,,,,,,,,,,,,,,,,,,,,,,,,,,,,,,,,,,,,,,
30,1,0.0989,122.18RG,57.5RG,23.2RG,9.9,53.17,59.17,42.5,,,,,,,,,,,,,,,,,,,,,,,,,,,,,,,,,,,,,,,,
31,1,0.1824,43.19RG,59.13RG,31.6RG,183.6RG,,,,,,,,,,,,,,,,,,,,,,,,,,,,,,,,,,,,,,,,,,,
32,0.8433,0.056,124.2RG,28.18RG,80.18,137.1,35.1,128.2,6.15,77.2,58.7,92.2,144.6,23.3,,,,,,,,,,,,,,,,,,,,,,,,,,,,,,,,,,,
33,0.9998,0.0941,39.8RG,21.1,137.19,,,,,,,,,,,,,,,,,,,,,,,,,,,,,,,,,,,,,,,,,,,,
34,1,0.0972,21.9RG,187.6,138.1,64.8,126.9,106.9,,,,,,,,,,,,,,,,,,,,,,,,,,,,,,,,,,,,,,,,,
35,1,0.0762,24.2RG,,,,,,,,,,,,,,,,,,,,,,,,,,,,,,,,,,,,,,,,,,,,,,
36,0.9998,0.1262,80.13RG,122.3,102.11,122.12,60.6,75.11,70.18,178.6,55.12,87.12,102.13,40.1,150.13,,,,,,,,,,,,,,,,,,,,,,,,,,,,,,,,,,
37,1,0.0987,63.13RG,99.9RG,39.13RG,59.3RG,148.12RG,,,,,,,,,,,,,,,,,,,,,,,,,,,,,,,,,,,,,,,,,,
38,1,0.0983,75.6RG,97.6,100.6,191.6,149.11,20.6,62.18,21.11,138.11,116.11,,,,,,,,,,,,,,,,,,,,,,,,,,,,,,,,,,,,,
39,1,0.1018,42.17RG,74.11RG,92.12RG,19.7RG,,,,,,,,,,,,,,,,,,,,,,,,,,,,,,,,,,,,,,,,,,,
40,1,0.0837,154.19RG,142.19RG,49.18,,,,,,,,,,,,,,,,,,,,,,,,,,,,,,,,,,,,,,,,,,,,
41,0.9779,0.0434,76.9RG,3.11,158.11,48.6,17.17,143.2,,,,,,,,,,,,,,,,,,,,,,,,,,,,,,,,,,,,,,,,,
42,0.9997,0.082,108.2RG,35.18RG,4.6RG,9.13RG,137.12RG,130.12,83.13,64.13,116.2,112.2,,,,,,,,,,,,,,,,,,,,,,,,,,,,,,,,,,,,,
43,0.9999,0.0983,66.18RG,58.18RG,95.18RG,52.13,93.18,37.2,,,,,,,,,,,,,,,,,,,,,,,,,,,,,,,,,,,,,,,,,
44,1,0.0978,36.18RG,57.12RG,19.3RG,99.2RG,60.9,23.18,129.9,,,,,,,,,,,,,,,,,,,,,,,,,,,,,,,,,,,,,,,,
45,0.94,0.0868,131.1RG,128.3RG,102.5,123.6,169.11,,,,,,,,,,,,,,,,,,,,,,,,,,,,,,,,,,,,,,,,,,
46,1,0.099,85.14RG,108.14RG,118.14RG,129.14RG,6.14RG,80.14RG,130.14RG,115.14RG,71.14,96.14,49.14,50.14,105.14,136.14,,,,,,,,,,,,,,,,,,,,,,,,,,,,,,,,,
47,0.9691,0.0955,114.13RG,75.13RG,138.14RG,186.11RG,53.12RG,,,,,,,,,,,,,,,,,,,,,,,,,,,,,,,,,,,,,,,,,,
48,0.9878,0.0978,69.8RG,71.17RG,38.9,10.8,,,,,,,,,,,,,,,,,,,,,,,,,,,,,,,,,,,,,,,,,,,
49,0.9135,0.0888,100.12RG,152.3,35.8,135.2,26.13,,,,,,,,,,,,,,,,,,,,,,,,,,,,,,,,,,,,,,,,,,
50,1,0.0986,93.19RG,55.13RG,137.13RG,2.13RG,102.14RG,91.19RG,131.19RG,147.18,,,,,,,,,,,,,,,,,,,,,,,,,,,,,,,,,,,,,,,
51,0.4919,0.0488,160.18RG,29.18,159.13,42.9,126.3,41.12,107.18,139.18,103.2,145.13,,,,,,,,,,,,,,,,,,,,,,,,,,,,,,,,,,,,,
52,1,0.0992,77.18RG,159.19RG,111.9,115.3,4.16,75.7,98.11,134.18,,,,,,,,,,,,,,,,,,,,,,,,,,,,,,,,,,,,,,,
53,0.9941,0.0774,76.19RG,167.18RG,136.19RG,98.7RG,55.17,76.18,56.12,133.12,,,,,,,,,,,,,,,,,,,,,,,,,,,,,,,,,,,,,,,
54,1,0.0993,181.19RG,138.19RG,49.17,20.19,85.19,47.19,162.19,11.19,74.19,107.19,12.19,38.19,,,,,,,,,,,,,,,,,,,,,,,,,,,,,,,,,,,
55,0.9766,0.0934,85.6RG,171.6RG,96.7,4.5,102.6,62.6,69.11,,,,,,,,,,,,,,,,,,,,,,,,,,,,,,,,,,,,,,,,
56,0.997,0.0774,24.18RG,33.18RG,11.8,36.19,,,,,,,,,,,,,,,,,,,,,,,,,,,,,,,,,,,,,,,,,,,
57,0.9998,0.0829,64.12RG,162.18,76.13,160.13,173.13,64.17,7.18,,,,,,,,,,,,,,,,,,,,,,,,,,,,,,,,,,,,,,,,
58,1,0.1027,119.13RG,70.2RG,108.3,120.11,31.2,71.13,15.1,,,,,,,,,,,,,,,,,,,,,,,,,,,,,,,,,,,,,,,,
59,0.9865,0.0963,94.6RG,150.9RG,51.9RG,18.6,84.11,61.9,30.3,192.6,100.9,,,,,,,,,,,,,,,,,,,,,,,,,,,,,,,,,,,,,,
60,0.9874,0.0555,141.18RG,42.13RG,102.18,174.18,63.19,35.2,57.3,56.1,,,,,,,,,,,,,,,,,,,,,,,,,,,,,,,,,,,,,,,
61,1,0.0993,182.19RG,143.13RG,73.12RG,6.19RG,,,,,,,,,,,,,,,,,,,,,,,,,,,,,,,,,,,,,,,,,,,
62,1,0.0941,32.13RG,17.2RG,44.2RG,175.13,,,,,,,,,,,,,,,,,,,,,,,,,,,,,,,,,,,,,,,,,,,
63,0.9958,0.1029,127.18RG,69.18RG,46.17,36.17,67.11,15.6,88.6,41.18,123.18,,,,,,,,,,,,,,,,,,,,,,,,,,,,,,,,,,,,,,
64,0.4338,0.0431,113.14RG,63.9,71.9,117.9,64.1,43.6,51.6,57.6,141.6,181.6,71.5,105.2,,,,,,,,,,,,,,,,,,,,,,,,,,,,,,,,,,,
65,1,0.3945,25.2RG,9.12RG,12.18RG,59.2RG,,,,,,,,,,,,,,,,,,,,,,,,,,,,,,,,,,,,,,,,,,,
66,0.9874,0.0987,6.17RG,112.13RG,60.7RG,46.2RG,149.12RG,111.3,,,,,,,,,,,,,,,,,,,,,,,,,,,,,,,,,,,,,,,,,
67,1,0.2789,9.19RG,81.18RG,112.19RG,3.18RG,51.19RG,130.19RG,115.19RG,65.18RG,81.19RG,176.19RG,186.19RG,100.18RG,163.18RG,125.19RG,13.19RG,45.18RG,99.19RG,182.18RG,,,,,,,,,,,,,,,,,,,,,,,,,,,,,
68,1,0.0992,50.2RG,145.18RG,124.13RG,9.17RG,66.17,,,,,,,,,,,,,,,,,,,,,,,,,,,,,,,,,,,,,,,,,,
69,1,0.0971,27.2RG,170.13RG,95.2RG,10.14,,,,,,,,,,,,,,,,,,,,,,,,,,,,,,,,,,,,,,,,,,,
70,1,0.1023,99.13RG,117.2RG,16.2RG,137.6RG,28.19RG,,,,,,,,,,,,,,,,,,,,,,,,,,,,,,,,,,,,,,,,,,
71,1,0.0992,86.18RG,13.17RG,3.17RG,44.8RG,54.18RG,111.18,41.17,,,,,,,,,,,,,,,,,,,,,,,,,,,,,,,,,,,,,,,,
72,1,0.0985,43.12RG,8.15RG,35.4RG,96.12,174.11,44.7,13.18,92.18,36.5,,,,,,,,,,,,,,,,,,,,,,,,,,,,,,,,,,,,,,
73,0.8969,0.0867,19.2RG,119.9RG,69.9RG,50.17,151.12,48.17,154.1,129.18,,,,,,,,,,,,,,,,,,,,,,,,,,,,,,,,,,,,,,,
74,1,0.0959,150.12RG,138.6RG,97.14,153.19,,,,,,,,,,,,,,,,,,,,,,,,,,,,,,,,,,,,,,,,,,,
75,1,0.0972,68.17RG,40.12RG,84.14RG,106.12,119.12,,,,,,,,,,,,,,,,,,,,,,,,,,,,,,,,,,,,,,,,,,
76,0.9859,0.0974,67.19RG,49.12RG,33.13RG,175.19RG,5.12,180.13,79.2,,,,,,,,,,,,,,,,,,,,,,,,,,,,,,,,,,,,,,,,
77,1,0.0985,109.18RG,43.18RG,56.18RG,18.9,23.9,158.19,49.2,109.12,133.19,,,,,,,,,,,,,,,,,,,,,,,,,,,,,,,,,,,,,,
78,0.9777,0.1228,29.2RG,67.6RG,24.14RG,52.6RG,135.13,63.8,52.9,,,,,,,,,,,,,,,,,,,,,,,,,,,,,,,,,,,,,,,,
79,0.4776,0.0455,51.5RG,14.18RG,,,,,,,,,,,,,,,,,,,,,,,,,,,,,,,,,,,,,,,,,,,,,
80,1,0.0912,48.18RG,21.18RG,79.18RG,52.18RG,148.18RG,150.18,144.18,179.18,,,,,,,,,,,,,,,,,,,,,,,,,,,,,,,,,,,,,,,
81,0.9788,0.0954,122.2RG,92.9RG,108.18,99.5,93.5,,,,,,,,,,,,,,,,,,,,,,,,,,,,,,,,,,,,,,,,,,
82,1,0.0983,51.8RG,40.2RG,38.2RG,106.2RG,,,,,,,,,,,,,,,,,,,,,,,,,,,,,,,,,,,,,,,,,,,
83,0.9997,0.0932,53.3RG,75.5RG,18.3RG,65.17,63.6,99.6,,,,,,,,,,,,,,,,,,,,,,,,,,,,,,,,,,,,,,,,,
84,1,0.0978,8.4RG,48.4RG,19.15RG,11.4RG,25.4RG,5.4RG,1.4,15.15,16.15,120.12,2.4,23.4,31.4,,,,,,,,,,,,,,,,,,,,,,,,,,,,,,,,,,
85,0.6797,0.0676,13.2RG,126.2RG,41.13RG,131.12RG,123.13RG,127.9RG,93.11,,,,,,,,,,,,,,,,,,,,,,,,,,,,,,,,,,,,,,,,
86,0.9997,0.0891,60.13RG,108.11RG,16.11,53.19,,,,,,,,,,,,,,,,,,,,,,,,,,,,,,,,,,,,,,,,,,,
87,1,0.0965,45.17RG,2.2RG,2.19RG,170.18RG,59.14RG,,,,,,,,,,,,,,,,,,,,,,,,,,,,,,,,,,,,,,,,,,
88,1,0.0992,145.9RG,110.1RG,145.3RG,94.5,67.2,,,,,,,,,,,,,,,,,,,,,,,,,,,,,,,,,,,,,,,,,,
89,0.9998,0.0921,14.8RG,51.12RG,,,,,,,,,,,,,,,,,,,,,,,,,,,,,,,,,,,,,,,,,,,,,
90,1,0.0967,105.13RG,4.18RG,133.18,42.18,,,,,,,,,,,,,,,,,,,,,,,,,,,,,,,,,,,,,,,,,,,
91,1,0.0839,152.9RG,69.3,70.3,98.6,54.6,73.11,143.6,79.19,23.1,83.1,185.6,,,,,,,,,,,,,,,,,,,,,,,,,,,,,,,,,,,,
92,1,0.0978,98.18RG,61.19RG,27.13RG,54.19,,,,,,,,,,,,,,,,,,,,,,,,,,,,,,,,,,,,,,,,,,,
93,0.9907,0.0984,22.9RG,28.6,7.9,34.6,46.1,139.1,50.18,,,,,,,,,,,,,,,,,,,,,,,,,,,,,,,,,,,,,,,,
94,0.783,0.035,147.19RG,39.2,101.9,129.12,146.18,,,,,,,,,,,,,,,,,,,,,,,,,,,,,,,,,,,,,,,,,,
95,0.9874,0.0974,72.2RG,165.9RG,11.1,20.1,122.11,125.9,10.5,12.17,,,,,,,,,,,,,,,,,,,,,,,,,,,,,,,,,,,,,,,
96,0.9986,0.0871,8.11RG,96.6RG,113.11RG,112.6,64.14,6.6,151.11,35.6,,,,,,,,,,,,,,,,,,,,,,,,,,,,,,,,,,,,,,,
97,0.9998,0.0992,91.5RG,14.17RG,19.17RG,163.11,,,,,,,,,,,,,,,,,,,,,,,,,,,,,,,,,,,,,,,,,,,
98,1,0.0964,88.5RG,79.11,152.6,64.2,125.11,,,,,,,,,,,,,,,,,,,,,,,,,,,,,,,,,,,,,,,,,,
99,1,0.0985,57.9RG,9.14RG,83.2,113.1,131.9,86.11,161.9,123.9,130.9,81.9,40.18,,,,,,,,,,,,,,,,,,,,,,,,,,,,,,,,,,,,
100,1,0.0904,46.9RG,94.19RG,28.9,,,,,,,,,,,,,,,,,,,,,,,,,,,,,,,,,,,,,,,,,,,,
101,1,0.1081,9.6RG,103.18RG,117.18RG,128.12RG,,,,,,,,,,,,,,,,,,,,,,,,,,,,,,,,,,,,,,,,,,,
102,0.9951,0.3076,79.12RG,95.12RG,102.12RG,18.12RG,34.12RG,59.12RG,63.12RG,2.12RG,39.12RG,16.12RG,93.12RG,1.12,30.12,115.12,6.12,7.12,28.12,160.12,3.12,8.12,23.12,78.12,117.12,145.12,161.12,,,,,,,,,,,,,,,,,,,,,,
103,1,0.0965,117.1RG,28.8,61.8,34.3,8.8,53.5,129.11,,,,,,,,,,,,,,,,,,,,,,,,,,,,,,,,,,,,,,,,
104,1,0.0952,127.13RG,53.13RG,146.2RG,,,,,,,,,,,,,,,,,,,,,,,,,,,,,,,,,,,,,,,,,,,,
105,0.9988,0.0995,30.18RG,140.18RG,180.6,110.5,129.6,41.6,155.18,50.1,168.18,,,,,,,,,,,,,,,,,,,,,,,,,,,,,,,,,,,,,,
106,1,0.0922,74.18RG,125.18,5.5,172.11,,,,,,,,,,,,,,,,,,,,,,,,,,,,,,,,,,,,,,,,,,,
107,1,0.1379,99.12RG,129.2RG,78.2RG,65.2RG,82.2RG,58.6RG,132.14RG,91.12,,,,,,,,,,,,,,,,,,,,,,,,,,,,,,,,,,,,,,,
108,1,0.0983,25.13RG,104.13RG,101.2RG,144.2RG,119.2,,,,,,,,,,,,,,,,,,,,,,,,,,,,,,,,,,,,,,,,,,
109,1,0.0994,176.6RG,123.14RG,46.7RG,10.2RG,28.11,,,,,,,,,,,,,,,,,,,,,,,,,,,,,,,,,,,,,,,,,,
110,1,0.0938,105.18RG,27.9,64.5,,,,,,,,,,,,,,,,,,,,,,,,,,,,,,,,,,,,,,,,,,,,
111,0.9907,0.0965,22.18RG,155.19,173.11,47.18,97.18,46.8,46.18,,,,,,,,,,,,,,,,,,,,,,,,,,,,,,,,,,,,,,,,
112,1,0.1003,93.14RG,137.11RG,62.17RG,61.18RG,126.18RG,,,,,,,,,,,,,,,,,,,,,,,,,,,,,,,,,,,,,,,,,,
113,1,0.0932,80.5RG,120.2,147.11,5.18,,,,,,,,,,,,,,,,,,,,,,,,,,,,,,,,,,,,,,,,,,,
114,1,0.0973,79.9RG,32.1,125.2,101.5,34.9,,,,,,,,,,,,,,,,,,,,,,,,,,,,,,,,,,,,,,,,,,
115,1,0.0991,102.2RG,123.2RG,35.13RG,138.2,65.13,113.12,,,,,,,,,,,,,,,,,,,,,,,,,,,,,,,,,,,,,,,,,
116,1,0.099,108.9RG,165.13RG,90.12RG,107.3,,,,,,,,,,,,,,,,,,,,,,,,,,,,,,,,,,,,,,,,,,,
117,1,0.0988,22.4RG,37.4RG,40.4RG,15.4RG,4.15RG,65.4RG,55.4RG,63.4RG,3.4RG,12.4RG,53.4RG,11.15RG,49.4RG,20.4,19.4,,,,,,,,,,,,,,,,,,,,,,,,,,,,,,,,
118,1,0.1026,36.3RG,60.5,86.3,7.3,105.11,,,,,,,,,,,,,,,,,,,,,,,,,,,,,,,,,,,,,,,,,,
119,0.9686,0.0952,169.13RG,169.18RG,88.18RG,166.18RG,11.5,136.2,,,,,,,,,,,,,,,,,,,,,,,,,,,,,,,,,,,,,,,,,
120,0.9984,0.0974,77.9RG,159.18,58.12,167.19,,,,,,,,,,,,,,,,,,,,,,,,,,,,,,,,,,,,,,,,,,,
121,1,0.0997,89.18RG,87.9RG,104.18,106.19,183.19,68.18,71.18,48.5,14.19,42.2,84.18,173.18,,,,,,,,,,,,,,,,,,,,,,,,,,,,,,,,,,,
122,0.823,0.0809,24.17RG,28.14RG,38.17RG,56.17RG,47.17,97.13,91.3,130.2,,,,,,,,,,,,,,,,,,,,,,,,,,,,,,,,,,,,,,,
123,1,0.0995,115.2RG,54.17RG,57.17RG,89.2RG,126.13RG,33.17,101.13,31.5,,,,,,,,,,,,,,,,,,,,,,,,,,,,,,,,,,,,,,,
124,1,0.0983,168.6RG,80.2RG,66.2RG,39.17RG,19.1,72.18,,,,,,,,,,,,,,,,,,,,,,,,,,,,,,,,,,,,,,,,,
125,1,0.0989,31.13RG,92.13RG,185.13RG,26.3,143.1,130.13,24.13,,,,,,,,,,,,,,,,,,,,,,,,,,,,,,,,,,,,,,,,
126,0.9098,0.0905,24.8RG,116.9,53.18,122.9,172.9,12.2,11.2,151.9,154.9,,,,,,,,,,,,,,,,,,,,,,,,,,,,,,,,,,,,,,
127,1,0.067,114.9RG,4.2RG,118.6,75.14,,,,,,,,,,,,,,,,,,,,,,,,,,,,,,,,,,,,,,,,,,,
128,0.9921,0.0956,61.12RG,134.2RG,13.8,164.13,132.18,168.19,,,,,,,,,,,,,,,,,,,,,,,,,,,,,,,,,,,,,,,,,
129,1,0.0977,148.11RG,90.11RG,143.11,179.13,56.8,12.11,,,,,,,,,,,,,,,,,,,,,,,,,,,,,,,,,,,,,,,,,
130,0.9877,0.0974,182.11RG,57.11RG,44.18RG,88.13RG,,,,,,,,,,,,,,,,,,,,,,,,,,,,,,,,,,,,,,,,,,,
131,0.9853,0.0966,128.9RG,7.13RG,81.11,146.6,163.12,87.18,,,,,,,,,,,,,,,,,,,,,,,,,,,,,,,,,,,,,,,,,
132,1,0.109,30.14RG,25.18RG,72.12RG,47.12RG,52.7RG,,,,,,,,,,,,,,,,,,,,,,,,,,,,,,,,,,,,,,,,,,
133,0.5635,0.0553,47.11RG,62.8,111.11,123.3,3.6,161.11,107.2,135.11,,,,,,,,,,,,,,,,,,,,,,,,,,,,,,,,,,,,,,,
134,1,0.0993,105.5RG,71.8RG,46.12,97.5,2.6,9.11,109.11,18.15,,,,,,,,,,,,,,,,,,,,,,,,,,,,,,,,,,,,,,,
135,1,0.0993,69.17RG,65.5RG,178.18,61.14,23.8,,,,,,,,,,,,,,,,,,,,,,,,,,,,,,,,,,,,,,,,,,
136,0.9994,0.096,79.13RG,85.2RG,59.18,132.13,77.13,,,,,,,,,,,,,,,,,,,,,,,,,,,,,,,,,,,,,,,,,,
137,1,0.0667,39.14RG,153.6,71.19,111.19,17.3,58.2,93.6,32.11,132.11,21.6,,,,,,,,,,,,,,,,,,,,,,,,,,,,,,,,,,,,,
138,0.9977,0.0971,19.5RG,157.6,140.6,37.11,28.13,7.8,16.17,,,,,,,,,,,,,,,,,,,,,,,,,,,,,,,,,,,,,,,,
139,1,0.098,81.2RG,9.2RG,88.7RG,34.2RG,3.13RG,,,,,,,,,,,,,,,,,,,,,,,,,,,,,,,,,,,,,,,,,,
140,0.999,0.0983,55.8RG,85.13RG,152.12RG,114.12RG,134.13,,,,,,,,,,,,,,,,,,,,,,,,,,,,,,,,,,,,,,,,,,
141,0.9998,0.0968,80.11RG,2.16,77.3,111.1,146.3,39.18,38.3,88.19,62.2,,,,,,,,,,,,,,,,,,,,,,,,,,,,,,,,,,,,,,
142,1,0.0871,17.15RG,12.15RG,60.4RG,,,,,,,,,,,,,,,,,,,,,,,,,,,,,,,,,,,,,,,,,,,,
143,0.9879,0.0976,38.18RG,164.12RG,118.18,34.5,75.18,16.19,,,,,,,,,,,,,,,,,,,,,,,,,,,,,,,,,,,,,,,,,
144,1,0.1048,28.17RG,14.2RG,163.13RG,,,,,,,,,,,,,,,,,,,,,,,,,,,,,,,,,,,,,,,,,,,,
145,1,0.0979,118.2RG,126.12RG,20.8,147.9,,,,,,,,,,,,,,,,,,,,,,,,,,,,,,,,,,,,,,,,,,,
146,0.9892,0.1008,83.12RG,186.13RG,116.13RG,129.13RG,103.13RG,5.13RG,,,,,,,,,,,,,,,,,,,,,,,,,,,,,,,,,,,,,,,,,
147,1,0.2859,7.14RG,147.13RG,41.5RG,97.2RG,83.18RG,,,,,,,,,,,,,,,,,,,,,,,,,,,,,,,,,,,,,,,,,,
148,1,0.0367,124.9RG,,,,,,,,,,,,,,,,,,,,,,,,,,,,,,,,,,,,,,,,,,,,,,
149,1,0.0818,144.13RG,,,,,,,,,,,,,,,,,,,,,,,,,,,,,,,,,,,,,,,,,,,,,,
150,1,0.0987,59.5RG,91.2RG,65.3,168.11,48.9,107.9,,,,,,,,,,,,,,,,,,,,,,,,,,,,,,,,,,,,,,,,,
151,1,0.0997,48.2RG,116.18RG,128.13RG,,,,,,,,,,,,,,,,,,,,,,,,,,,,,,,,,,,,,,,,,,,,
152,1,0.0964,161.1RG,150.6RG,67.13,,,,,,,,,,,,,,,,,,,,,,,,,,,,,,,,,,,,,,,,,,,,
153,1,0.0979,3.19RG,135.19RG,25.19RG,46.19RG,104.19RG,145.19RG,30.19,89.19,,,,,,,,,,,,,,,,,,,,,,,,,,,,,,,,,,,,,,,
154,1,0.1015,184.18RG,138.18RG,70.17,164.18,120.18,163.9,177.18,,,,,,,,,,,,,,,,,,,,,,,,,,,,,,,,,,,,,,,,
155,1,0.0973,33.12RG,29.12RG,1.19RG,,,,,,,,,,,,,,,,,,,,,,,,,,,,,,,,,,,,,,,,,,,,
156,0.9876,0.0982,161.6RG,124.1,62.11,27.5,106.5,153.18,67.8,24.9,110.9,115.9,45.13,,,,,,,,,,,,,,,,,,,,,,,,,,,,,,,,,,,,
157,1,0.1097,72.13RG,31.18RG,137.18RG,66.5,63.2,,,,,,,,,,,,,,,,,,,,,,,,,,,,,,,,,,,,,,,,,,
158,1,0.099,58.5RG,98.12RG,109.13RG,38.13RG,,,,,,,,,,,,,,,,,,,,,,,,,,,,,,,,,,,,,,,,,,,
159,1,0.093,93.9RG,83.9RG,,,,,,,,,,,,,,,,,,,,,,,,,,,,,,,,,,,,,,,,,,,,,
160,0.8291,0.0288,66.13RG,14.5,,,,,,,,,,,,,,,,,,,,,,,,,,,,,,,,,,,,,,,,,,,,,
161,1,0.1,85.12RG,86.13RG,27.17,5.1,26.18,47.2,,,,,,,,,,,,,,,,,,,,,,,,,,,,,,,,,,,,,,,,,
162,1,0.0994,21.2RG,88.12RG,68.11,,,,,,,,,,,,,,,,,,,,,,,,,,,,,,,,,,,,,,,,,,,,
163,1,0.0992,60.17RG,67.12RG,13.13RG,26.2RG,,,,,,,,,,,,,,,,,,,,,,,,,,,,,,,,,,,,,,,,,,,
164,1,0.0977,73.17RG,14.11RG,,,,,,,,,,,,,,,,,,,,,,,,,,,,,,,,,,,,,,,,,,,,,
165,1,0.0943,121.6RG,31.3,85.5,17.6,70.11,,,,,,,,,,,,,,,,,,,,,,,,,,,,,,,,,,,,,,,,,,
166,1,0.0989,37.13RG,71.11RG,68.7RG,,,,,,,,,,,,,,,,,,,,,,,,,,,,,,,,,,,,,,,,,,,,
167,1,0.0977,53.2RG,8.2,20.5,78.11,78.18,33.2,,,,,,,,,,,,,,,,,,,,,,,,,,,,,,,,,,,,,,,,,
168,1,0.0967,45.8RG,5.17RG,15.18,,,,,,,,,,,,,,,,,,,,,,,,,,,,,,,,,,,,,,,,,,,,
169,1,0.0975,140.2RG,149.13RG,,,,,,,,,,,,,,,,,,,,,,,,,,,,,,,,,,,,,,,,,,,,,
170,1,0.0975,10.19RG,95.9RG,67.9RG,,,,,,,,,,,,,,,,,,,,,,,,,,,,,,,,,,,,,,,,,,,,
171,1,0.0846,110.3RG,,,,,,,,,,,,,,,,,,,,,,,,,,,,,,,,,,,,,,,,,,,,,,
172,1,0.0995,4.8,12.8,120.9,14.3,20.3,34.1,41.3,94.1,94.3,129.3,136.3,158.1,19.6,26.6,32.6,39.6,55.6,76.6,91.6,125.6,1.11,15.11,31.11,65.11,72.11,136.11,181.11,1.5,15.5,26.5,45.5,61.5,74.5,73.18,70.14,48.19,60.19,62.19,82.19,92.19,95.19,110.19,114.19,152.19,177.19,74.2,109.2
173,1,0.1015,1.8,65.8,31.9,84.3,86.1,30.6,147.6,50.11,52.11,82.11,85.11,8.5,87.5,34.18,165.19,,,,,,,,,,,,,,,,,,,,,,,,,,,,,,,,
174,1,0.0959,60.8,104.6,169.6,6.18,110.18,152.18,117.14,113.2,,,,,,,,,,,,,,,,,,,,,,,,,,,,,,,,,,,,,,,
175,1,0.0994,5.16,29.8,59.8,72.8,26.9,36.9,9.3,62.3,100.3,130.3,132.3,140.3,158.3,27.6,95.6,105.6,116.6,139.6,164.6,77.11,88.11,100.11,117.11,131.11,13.5,33.5,84.5,108.5,18.18,44.19,59.19,65.19,90.19,109.19,116.19,122.19,129.19,169.19,90.13,,,,,,,,
176,1,0.0994,49.9,136.9,171.9,92.3,154.3,37.6,111.6,132.6,175.6,5.11,123.11,126.11,114.18,35.19,55.2,,,,,,,,,,,,,,,,,,,,,,,,,,,,,,,,
177,0.992,0.0984,133.9,72.6,68.19,134.19,84.2,131.3,2.11,19.11,73.19,143.19,125.13,,,,,,,,,,,,,,,,,,,,,,,,,,,,,,,,,,,,
178,1,0.0995,68.8,7.7,56.7,67.7,69.7,25.1,124.3,142.3,144.3,11.6,64.6,148.6,151.6,64.11,32.19,170.19,93.2,,,,,,,,,,,,,,,,,,,,,,,,,,,,,,
179,1,0.0992,21.8,98.9,43.3,113.3,141.3,38.11,22.2,27.8,82.6,69.5,94.18,,,,,,,,,,,,,,,,,,,,,,,,,,,,,,,,,,,,
180,1,0.1019,25.8,123.12,24.6,104.11,128.11,111.13,6.1,68.3,105.1,41.11,170.11,176.11,161.18,119.19,,,,,,,,,,,,,,,,,,,,,,,,,,,,,,,,,
181,1,0.0983,9.8,50.8,17.11,142.11,146.11,54.5,70.9,96.9,109.9,150.11,,,,,,,,,,,,,,,,,,,,,,,,,,,,,,,,,,,,,
182,1,0.0996,161.3,101.6,135.6,7.11,42.11,97.11,69.19,120.13,43.8,32.17,34.17,178.19,184.19,,,,,,,,,,,,,,,,,,,,,,,,,,,,,,,,,,
183,0.9884,0.0981,54.8,54.9,153.1,10.6,81.6,154.6,115.11,58.9,61.3,155.6,118.11,43.5,,,,,,,,,,,,,,,,,,,,,,,,,,,,,,,,,,,
184,1,0.0988,70.8,12.9,39.9,89.9,164.9,102.1,112.3,126.1,69.6,18.11,177.11,,,,,,,,,,,,,,,,,,,,,,,,,,,,,,,,,,,,
185,0.9869,0.0935,71.1,130.1,84.9,141.2,136.18,,,,,,,,,,,,,,,,,,,,,,,,,,,,,,,,,,,,,,,,,,
186,1,0.0988,105.3,118.3,159.3,49.5,20.17,90.3,180.11,37.5,91.18,142.18,,,,,,,,,,,,,,,,,,,,,,,,,,,,,,,,,,,,,
187,0.9751,0.0958,81.1,74.6,42.12,11.9,139.9,48.12,158.18,29.19,,,,,,,,,,,,,,,,,,,,,,,,,,,,,,,,,,,,,,,
188,1,0.0994,15.8,30.8,56.3,50.6,145.6,114.11,133.11,23.5,62.9,120.6,39.11,101.11,68.5,,,,,,,,,,,,,,,,,,,,,,,,,,,,,,,,,,
189,1,0.0995,104.9,156.9,169.9,22.6,26.8,23.7,66.7,81.7,86.7,74.3,189.6,29.5,,,,,,,,,,,,,,,,,,,,,,,,,,,,,,,,,,,
190,1,0.0982,99.1,34.11,82.5,7.2,59.9,173.9,71.3,136.1,160.3,,,,,,,,,,,,,,,,,,,,,,,,,,,,,,,,,,,,,,
191,1,0.0982,135.9,8.18,180.18,4.13,184.13,50.12,105.12,59.6,119.11,,,,,,,,,,,,,,,,,,,,,,,,,,,,,,,,,,,,,,
192,1,0.0989,107.6,23.11,44.17,22.3,94.12,166.12,80.6,99.18,,,,,,,,,,,,,,,,,,,,,,,,,,,,,,,,,,,,,,,
193,0.9981,0.0432,29.1,79.3,73.6,4.11,36.11,156.11,2.5,72.9,155.9,62.5,76.5,,,,,,,,,,,,,,,,,,,,,,,,,,,,,,,,,,,,
194,1,0.098,134.9,148.3,134.11,135.3,150.3,22.5,6.3,69.1,165.6,,,,,,,,,,,,,,,,,,,,,,,,,,,,,,,,,,,,,,
195,0.9869,0.0963,108.6,107.5,37.9,107.12,35.11,5.2,61.2,,,,,,,,,,,,,,,,,,,,,,,,,,,,,,,,,,,,,,,,
196,0.9878,0.0972,40.3,52.1,103.12,108.12,59.11,58.8,98.5,46.5,86.5,157.12,57.18,,,,,,,,,,,,,,,,,,,,,,,,,,,,,,,,,,,,
197,1,0.0991,39.5,68.6,24.19,153.11,83.14,113.9,156.6,111.14,20.9,143.9,45.2,,,,,,,,,,,,,,,,,,,,,,,,,,,,,,,,,,,,
198,1,0.0975,34.8,17.1,4.14,158.13,160.9,45.3,32.5,10.13,,,,,,,,,,,,,,,,,,,,,,,,,,,,,,,,,,,,,,,
199,1,0.0971,25.9,60.3,142.1,149.1,65.6,66.11,127.14,17.19,26.19,,,,,,,,,,,,,,,,,,,,,,,,,,,,,,,,,,,,,,
200,1,0.0732,35.5,159.6,158.6,171.11,20.18,,,,,,,,,,,,,,,,,,,,,,,,,,,,,,,,,,,,,,,,,,
201,1,0.0991,167.9,88.3,157.3,131.6,58.19,7.19,31.19,171.19,6.8,5.19,41.19,,,,,,,,,,,,,,,,,,,,,,,,,,,,,,,,,,,,
202,1,0.0977,62.12,112.12,85.3,30.11,49.11,178.11,72.5,,,,,,,,,,,,,,,,,,,,,,,,,,,,,,,,,,,,,,,,
203,1,0.0971,61.11,139.11,12.1,58.1,72.1,82.1,114.1,148.1,,,,,,,,,,,,,,,,,,,,,,,,,,,,,,,,,,,,,,,
204,1,0.098,53.9,14.6,156.18,10.15,127.6,121.11,56.5,,,,,,,,,,,,,,,,,,,,,,,,,,,,,,,,,,,,,,,,
205,0.6727,0.0668,14.9,89.11,185.11,16.18,55.18,34.19,21.13,40.17,74.12,15.2,22.19,,,,,,,,,,,,,,,,,,,,,,,,,,,,,,,,,,,,
206,1,0.0988,4.9,15.9,92.6,91.9,170.6,157.9,147.3,28.3,85.1,25.6,3.15,,,,,,,,,,,,,,,,,,,,,,,,,,,,,,,,,,,,
207,1,0.103,121.3,130.6,166.9,35.3,8.6,106.6,25.5,102.3,53.11,78.19,8.3,126.19,76.3,111.2,,,,,,,,,,,,,,,,,,,,,,,,,,,,,,,,,
208,1,0.0986,75.1,97.1,137.3,157.11,24.5,2.8,119.3,104.5,,,,,,,,,,,,,,,,,,,,,,,,,,,,,,,,,,,,,,,
209,1,0.0985,47.1,112.1,143.3,174.6,25.11,110.11,67.18,17.14,90.14,139.14,,,,,,,,,,,,,,,,,,,,,,,,,,,,,,,,,,,,,
210,1,0.0993,109.5,4.19,23.19,27.19,40.19,56.19,57.19,84.19,140.19,160.19,164.19,174.19,179.19,,,,,,,,,,,,,,,,,,,,,,,,,,,,,,,,,,
211,0.8382,0.0828,49.3,7.6,89.3,77.5,29.6,9.18,117.6,63.11,,,,,,,,,,,,,,,,,,,,,,,,,,,,,,,,,,,,,,,
212,0.9999,0.0985,40.8,112.18,13.11,175.11,13.15,6.2,114.6,147.2,,,,,,,,,,,,,,,,,,,,,,,,,,,,,,,,,,,,,,,
213,1,0.099,48.8,172.6,182.6,82.14,124.6,149.6,11.11,75.9,87.11,,,,,,,,,,,,,,,,,,,,,,,,,,,,,,,,,,,,,,
214,1,0.0987,90.1,99.3,46.6,41.8,75.2,66.6,28.5,58.4,37.17,,,,,,,,,,,,,,,,,,,,,,,,,,,,,,,,,,,,,,
215,1,0.1003,3.9,40.13,57.8,133.3,86.9,146.9,170.9,147.1,19.8,33.9,78.9,36.13,,,,,,,,,,,,,,,,,,,,,,,,,,,,,,,,,,,
216,1,0.1003,10.7,15.7,18.7,20.7,34.7,42.7,53.7,71.7,74.7,84.7,85.7,97.7,99.7,77.1,92.5,96.5,,,,,,,,,,,,,,,,,,,,,,,,,,,,,,,
217,0.978,0.0933,45.11,12.5,73.3,52.5,33.3,181.13,156.3,,,,,,,,,,,,,,,,,,,,,,,,,,,,,,,,,,,,,,,,
218,0.9922,0.097,40.5,63.14,2.14,37.14,106.14,20.14,110.14,114.14,3.14,57.14,,,,,,,,,,,,,,,,,,,,,,,,,,,,,,,,,,,,,
219,1,0.0982,102.9,79.6,8.19,80.19,132.19,86.19,117.19,173.19,,,,,,,,,,,,,,,,,,,,,,,,,,,,,,,,,,,,,,,
220,1,0.0974,173.6,19.9,97.9,155.11,8.9,114.3,42.3,63.1,,,,,,,,,,,,,,,,,,,,,,,,,,,,,,,,,,,,,,,
221,1,0.099,18.8,74.9,141.9,87.1,44.9,137.9,78.6,35.9,,,,,,,,,,,,,,,,,,,,,,,,,,,,,,,,,,,,,,,
222,1,0.0987,64.9,164.11,103.6,81.14,117.3,121.9,,,,,,,,,,,,,,,,,,,,,,,,,,,,,,,,,,,,,,,,,
223,1,0.0985,54.1,96.3,119.6,142.12,38.6,70.6,23.13,,,,,,,,,,,,,,,,,,,,,,,,,,,,,,,,,,,,,,,,
224,0.9782,0.0949,5.8,61.6,71.6,55.14,69.13,,,,,,,,,,,,,,,,,,,,,,,,,,,,,,,,,,,,,,,,,,
225,0.9999,0.0975,78.3,55.11,83.11,77.6,156.12,86.12,152.11,,,,,,,,,,,,,,,,,,,,,,,,,,,,,,,,,,,,,,,,
226,1,0.0983,179.6,128.19,10.11,26.11,17.13,152.1,159.11,,,,,,,,,,,,,,,,,,,,,,,,,,,,,,,,,,,,,,,,
227,1,0.1014,18.17,33.19,98.19,150.19,50.19,102.19,120.19,121.19,151.19,75.19,108.19,66.19,77.19,149.19,157.19,,,,,,,,,,,,,,,,,,,,,,,,,,,,,,,,
228,0.9861,0.0957,94.9,183.18,106.18,131.2,97.12,43.2,,,,,,,,,,,,,,,,,,,,,,,,,,,,,,,,,,,,,,,,,
229,0.9999,0.0971,11.7,165.11,107.13,82.7,50.5,91.14,17.18,,,,,,,,,,,,,,,,,,,,,,,,,,,,,,,,,,,,,,,,
230,1,0.0989,13.3,183.11,127.2,60.1,151.3,122.13,20.2,121.2,29.13,40.6,163.6,,,,,,,,,,,,,,,,,,,,,,,,,,,,,,,,,,,,
231,1,0.0995,17.4,64.4,73.5,154.18,52.19,180.19,10.4,39.4,61.4,128.6,70.5,143.18,171.18,39.19,,,,,,,,,,,,,,,,,,,,,,,,,,,,,,,,,
232,1,0.0976,27.11,8.14,144.9,54.3,99.11,115.18,22.8,,,,,,,,,,,,,,,,,,,,,,,,,,,,,,,,,,,,,,,,
233,0.991,0.0914,66.3,2.9,68.9,138.9,153.3,80.3,32.8,46.3,157.18,127.11,23.17,97.3,15.3,87.3,47.5,,,,,,,,,,,,,,,,,,,,,,,,,,,,,,,,
234,0.9999,0.0967,159.9,39.3,63.3,104.3,90.9,125.3,89.5,26.17,,,,,,,,,,,,,,,,,,,,,,,,,,,,,,,,,,,,,,,
235,1,0.0892,51.2,90.6,135.18,,,,,,,,,,,,,,,,,,,,,,,,,,,,,,,,,,,,,,,,,,,,
236,1,0.0992,1.1,7.1,18.1,33.1,41.1,55.1,61.1,78.1,88.1,93.1,98.1,100.1,101.1,118.1,125.1,132.1,144.1,145.1,160.1,,,,,,,,,,,,,,,,,,,,,,,,,,,,
237,0.9999,0.1017,33.8,21.14,33.14,65.7,37.3,106.3,106.11,45.14,11.3,87.13,1.18,7.17,84.6,98.14,,,,,,,,,,,,,,,,,,,,,,,,,,,,,,,,,
238,0.9775,0.0989,136.6,127.3,126.6,81.5,35.7,64.7,52.3,82.3,6.11,33.11,54.11,36.6,159.1,17.5,,,,,,,,,,,,,,,,,,,,,,,,,,,,,,,,,
239,0.9772,0.0941,6.7,8.7,47.3,100.5,4.7,30.7,48.7,62.7,12.7,,,,,,,,,,,,,,,,,,,,,,,,,,,,,,,,,,,,,,
240,1,0.1056,113.18,19.19,21.19,37.19,45.19,49.19,64.19,72.19,83.19,87.19,100.19,103.19,105.19,123.19,127.19,141.19,148.19,161.19,,,,,,,,,,,,,,,,,,,,,,,,,,,,,
241,1,0.0941,116.3,20.11,138.12,72.3,155.3,,,,,,,,,,,,,,,,,,,,,,,,,,,,,,,,,,,,,,,,,,
242,1,0.0989,64.3,132.2,24.3,124.18,139.3,37.18,67.17,,,,,,,,,,,,,,,,,,,,,,,,,,,,,,,,,,,,,,,,
243,1,0.0661,52.8,3.8,61.17,29.7,68.14,,,,,,,,,,,,,,,,,,,,,,,,,,,,,,,,,,,,,,,,,,
244,0.9877,0.0969,40.11,41.14,66.14,76.14,25.14,119.14,30.5,,,,,,,,,,,,,,,,,,,,,,,,,,,,,,,,,,,,,,,,
245,1,0.0942,53.6,87.6,110.6,167.6,51.11,112.11,29.11,58.11,107.11,,,,,,,,,,,,,,,,,,,,,,,,,,,,,,,,,,,,,,
246,0.9943,0.0921,43.9,105.9,140.9,47.13,45.9,153.9,,,,,,,,,,,,,,,,,,,,,,,,,,,,,,,,,,,,,,,,,
247,1,0.0991,22.7,40.7,50.7,72.7,31.7,38.7,92.7,9.7,21.7,26.7,43.7,47.7,63.7,33.7,70.7,,,,,,,,,,,,,,,,,,,,,,,,,,,,,,,,
248,1,0.0927,66.1,23.6,85.9,21.3,29.9,30.9,36.2,,,,,,,,,,,,,,,,,,,,,,,,,,,,,,,,,,,,,,,,
249,1,0.0919,16.8,90.5,49.8,9.5,93.3,37.8,101.3,,,,,,,,,,,,,,,,,,,,,,,,,,,,,,,,,,,,,,,,
250,0.9998,0.0986,55.3,103.9,49.6,162.11,118.9,67.5,24.11,,,,,,,,,,,,,,,,,,,,,,,,,,,,,,,,,,,,,,,,
251,0.9999,0.0984,17.9,162.6,56.9,60.2,16.6,46.11,168.9,134.6,65.9,,,,,,,,,,,,,,,,,,,,,,,,,,,,,,,,,,,,,,
252,1,0.0981,42.8,167.11,23.15,158.9,66.9,139.19,185.19,20.15,,,,,,,,,,,,,,,,,,,,,,,,,,,,,,,,,,,,,,,
253,0.6825,0.0673,134.3,14.14,68.13,40.9,40.14,112.9,,,,,,,,,,,,,,,,,,,,,,,,,,,,,,,,,,,,,,,,,
254,1,0.0953,131.18,141.11,70.12,96.18,57.2,77.12,141.12,,,,,,,,,,,,,,,,,,,,,,,,,,,,,,,,,,,,,,,,
255,1,0.0994,4.1,77.14,96.11,5.6,49.1,119.1,128.1,12.6,144.11,103.11,145.11,,,,,,,,,,,,,,,,,,,,,,,,,,,,,,,,,,,,
256,0.9998,0.0982,4.3,110.2,17.8,83.6,63.17,58.17,,,,,,,,,,,,,,,,,,,,,,,,,,,,,,,,,,,,,,,,,
257,1,0.0989,37.7,55.7,73.7,76.7,90.7,91.7,93.7,36.7,45.7,57.7,61.7,79.7,95.7,,,,,,,,,,,,,,,,,,,,,,,,,,,,,,,,,,
258,1,0.093,81.3,2.18,5.3,162.9,27.3,149.18,32.3,8.1,186.6,,,,,,,,,,,,,,,,,,,,,,,,,,,,,,,,,,,,,,
259,1,0.0995,75.12,101.12,121.12,65.12,76.12,116.12,37.12,89.12,165.12,22.12,144.12,,,,,,,,,,,,,,,,,,,,,,,,,,,,,,,,,,,,
260,1,0.0993,18.14,34.14,1.14,11.14,87.14,126.14,12.14,107.14,89.14,112.14,128.14,29.14,92.14,69.14,125.14,137.14,,,,,,,,,,,,,,,,,,,,,,,,,,,,,,,
261,0.7734,0.0709,16.9,35.12,,,,,,,,,,,,,,,,,,,,,,,,,,,,,,,,,,,,,,,,,,,,,
262,1,0.098,48.11,163.19,166.19,184.11,140.11,142.2,76.11,70.19,,,,,,,,,,,,,,,,,,,,,,,,,,,,,,,,,,,,,,,
263,1,0.1161,151.18,136.13,19.13,28.2,94.14,116.14,132.12,,,,,,,,,,,,,,,,,,,,,,,,,,,,,,,,,,,,,,,,
264,1,0.0993,47.9,6.5,42.19,128.18,50.3,32.9,15.14,,,,,,,,,,,,,,,,,,,,,,,,,,,,,,,,,,,,,,,,
265,0.9993,0.096,115.6,82.9,21.5,36.8,148.9,,,,,,,,,,,,,,,,,,,,,,,,,,,,,,,,,,,,,,,,,,
266,1,0.0973,48.1,26.1,59.1,68.1,106.1,108.1,135.1,151.1,,,,,,,,,,,,,,,,,,,,,,,,,,,,,,,,,,,,,,,
267,1,0.0989,9.1,13.1,37.1,39.1,45.1,48.3,57.1,62.1,65.1,80.1,96.1,107.1,109.3,115.1,129.1,,,,,,,,,,,,,,,,,,,,,,,,,,,,,,,,
268,1,0.1003,3.7,39.7,41.7,59.7,78.7,80.7,83.7,13.7,14.7,24.7,27.7,51.7,54.7,87.7,94.7,100.7,101.7,103.5,,,,,,,,,,,,,,,,,,,,,,,,,,,,,
269,1,0.098,10.1,22.1,38.1,67.1,84.1,89.1,95.1,104.1,109.1,127.1,133.1,155.1,156.1,,,,,,,,,,,,,,,,,,,,,,,,,,,,,,,,,,