bee,X15,X16,X17,X18,X1,X2,X3,X4,X5,X6,X7,X8,X19,X20,X21,X22,pvals
Age (days),1,1,1,1,1,8,1,11,9,10,13,8,1,1,1,1,
Age (days),1,1,1,1,1,8,1,11,9,10,13,8,1,1,1,1,
Sample event,1,1,1,1,1,1,1,1,1,1,1,1,1,1,1,1,
Abbreviation,M,M,M,M,VQ,VQ,VQ,VQ,VQ,VQ,VQ,VQ,W,W,W,W,
Age (days),1,1,1,1,1,8,1,11,9,10,13,8,1,1,1,1,
Age (days),1,1,1,1,1,8,1,11,9,10,13,8,1,1,1,1,
New label,M (1),M (1),M (1),M (1),VQ (1),VQ (8),VQ (1),VQ (11),VQ (9),VQ (10),VQ (13),VQ (8),W (1),W (1),W (1),W (1),
analysis,AA,AA,AA,AA,AA,AA,AA,AA,AA,AA,AA,AA,AA,AA,AA,AA,
1,False,False,False,False,True,True,True,True,True,False,True,True,True,False,False,True,0.0011768659106248247
2,False,True,False,False,True,True,False,True,False,False,False,False,False,False,False,True,0.58621368107314
3,False,False,True,False,True,True,True,False,True,False,True,False,False,False,False,True,0.10247043485974938
5,False,False,False,True,True,True,True,True,False,False,False,False,True,False,True,False,0.6114529869535041
6,False,False,False,False,True,False,False,True,True,False,False,False,False,False,False,True,0.2277999939882287
7,False,True,True,False,True,False,True,True,False,False,False,True,False,False,True,False,0.6114529869535041
8,False,False,True,True,True,True,True,True,False,False,True,False,True,False,True,False,0.6114529869535041
9,False,False,True,False,True,True,True,True,False,False,False,False,False,False,True,False,0.28504940740261286
10,True,False,True,False,True,True,True,True,True,False,False,False,True,False,True,False,0.6114529869535041
11,False,False,False,False,False,False,False,False,False,False,False,False,False,False,False,False,
12,True,True,True,False,True,True,True,True,True,True,True,False,False,False,True,False,0.07684324403365639
13,True,True,False,True,True,True,False,False,True,True,True,True,False,False,True,False,0.28504940740261286
14,True,True,True,True,True,True,True,True,True,True,True,True,True,True,True,True,
15,True,False,False,True,True,False,True,True,True,False,False,False,True,False,False,False,0.6114529869535041
16,True,True,False,True,True,True,False,False,False,False,True,False,False,False,False,True,0.6114529869535041
18,False,False,False,True,True,True,False,False,False,True,True,False,False,False,False,False,0.07684324403365639
19,False,False,False,False,False,False,True,False,False,False,False,False,False,False,True,False,1.0
20,False,False,False,True,True,True,True,False,True,True,False,True,False,False,False,False,0.0011768659106248247
21,False,False,False,False,False,False,False,False,False,False,False,False,False,True,False,True,0.1024704348597496
23,False,False,False,False,True,False,False,True,False,True,False,False,True,False,False,True,0.58621368107314
24,False,False,False,False,True,False,False,False,False,True,False,False,True,False,True,False,1.0
25,False,False,False,False,True,False,False,False,False,False,False,False,True,False,False,False,1.0
27,True,False,False,False,False,False,False,False,False,False,False,False,False,False,False,False,0.28504940740261286
28,False,False,False,False,False,False,False,False,False,False,False,False,False,False,False,True,0.28504940740261286
29,False,False,False,False,True,False,False,False,False,False,False,False,True,False,False,True,0.5164122683960384
30,True,True,True,False,True,True,True,True,False,True,False,False,False,False,True,False,0.6114529869535041
31,True,False,False,False,True,False,False,False,False,False,False,False,True,False,True,False,0.22779999398822914
32,True,False,False,False,False,False,False,True,False,False,True,False,True,False,True,False,0.58621368107314
33,True,True,False,True,False,False,False,True,True,True,False,False,False,False,True,False,0.6114529869535041
34,False,False,False,False,False,False,False,False,False,False,False,False,False,False,False,False,
35,True,False,False,False,True,True,True,True,True,False,True,False,False,False,False,True,0.020921335337793945
36,True,False,False,False,False,False,False,False,False,False,False,False,False,False,True,False,0.1024704348597496
38,False,False,False,False,True,False,False,False,False,False,False,True,False,False,False,False,0.10247043485974916
39,False,False,True,True,True,True,False,True,True,False,True,False,True,False,False,True,0.6114529869535041
40,False,True,True,True,True,False,True,False,False,False,False,False,True,False,True,True,0.020921335337793945
41,False,False,False,False,True,False,False,False,False,False,False,False,False,False,False,False,0.2850494074026124
42,False,False,False,False,True,False,True,True,False,True,False,False,False,False,False,False,0.004677734981047177
43,False,False,False,False,False,False,False,False,False,True,False,False,False,False,False,False,0.2850494074026124
44,True,True,True,False,True,True,True,True,True,True,True,False,False,False,True,False,0.07684324403365639
45,False,False,False,False,False,False,False,False,False,False,False,False,False,False,False,False,
46,False,False,False,True,True,False,False,False,False,False,True,False,False,False,False,True,1.0
47,False,True,False,False,True,False,False,True,True,False,False,False,True,False,False,False,0.58621368107314
50,False,False,False,True,False,False,False,False,False,False,True,False,False,False,True,False,0.5164122683960384
52,False,False,True,False,True,False,True,False,False,False,False,False,False,False,False,False,0.5164122683960384
53,False,False,False,False,False,False,False,False,False,False,False,False,False,False,False,True,0.28504940740261286
55,True,True,True,False,False,False,False,True,True,False,False,False,False,False,True,False,0.28504940740261286
56,False,False,False,False,False,False,False,False,True,False,False,False,False,False,False,False,0.2850494074026124
57,False,False,False,False,True,True,False,False,False,False,False,False,False,False,False,False,0.1024704348597496
58,False,False,False,False,False,False,False,False,False,False,False,False,True,False,True,False,0.1024704348597496
59,True,False,False,False,False,False,False,False,False,False,False,False,False,False,True,False,0.1024704348597496
60,True,True,True,True,False,True,False,True,True,True,True,False,True,False,False,True,0.58621368107314
61,False,False,False,False,False,False,False,False,False,False,False,False,False,False,False,False,
62,True,False,False,True,True,False,False,False,False,False,True,False,False,False,False,False,1.0
63,True,False,False,True,False,False,False,False,False,False,False,False,False,False,False,False,0.1024704348597496
65,False,False,False,False,False,True,False,True,False,False,True,False,True,False,False,False,0.2277999939882287
66,True,True,True,True,False,True,False,False,True,False,False,False,False,False,False,True,0.10247043485974938
67,False,False,False,False,False,False,False,True,True,False,True,False,True,False,True,False,0.58621368107314
68,True,True,True,True,True,False,True,False,False,False,False,False,True,False,True,True,0.0011768659106248247
69,False,False,False,False,True,False,True,False,False,False,False,False,True,False,True,False,1.0
70,False,False,False,False,True,False,False,False,False,False,False,False,False,False,False,True,1.0
71,False,True,True,False,True,True,True,True,True,True,True,False,False,False,False,True,0.01586133273977297
72,True,False,False,False,True,False,False,False,False,False,False,False,False,False,False,True,0.5164122683960384
74,False,True,True,True,True,True,True,True,True,False,True,False,False,False,False,True,0.28504940740261286
75,True,False,False,False,False,False,False,False,False,False,False,False,True,False,False,False,0.1024704348597496
76,False,False,False,False,True,True,True,True,False,False,False,False,False,False,False,False,0.004677734981047177
77,False,True,False,True,True,True,True,True,True,False,False,False,False,False,False,False,0.10247043485974938
78,False,False,False,False,True,True,False,True,True,False,True,False,False,False,False,False,0.0002607296328553943
79,True,True,True,True,True,False,True,False,False,False,False,False,True,False,True,True,0.0011768659106248247
81,False,False,False,False,True,False,True,False,False,False,False,False,False,False,False,False,0.10247043485974938
83,False,False,False,False,False,False,False,False,False,False,False,False,False,False,False,False,
84,False,False,False,False,True,False,False,True,False,False,False,False,False,False,False,False,0.10247043485974938
85,True,False,False,False,True,True,False,True,True,False,False,False,False,False,False,True,0.28504940740261286
86,False,True,True,False,True,True,True,True,True,False,True,False,False,False,False,True,0.10247043485974938
88,False,True,True,False,True,False,True,False,False,False,False,False,False,False,False,False,1.0
89,False,False,False,False,True,True,False,False,False,False,False,False,False,False,False,False,0.1024704348597496
90,False,False,False,False,True,False,True,False,False,False,True,False,False,False,False,True,0.2277999939882287
91,True,False,False,False,False,False,False,False,False,False,False,False,False,False,False,False,0.28504940740261286
92,False,False,False,False,False,False,False,False,False,False,False,False,False,False,False,False,
93,False,True,False,False,True,True,True,True,True,False,False,False,False,False,False,False,0.01586133273977297
94,False,True,True,False,True,True,True,True,True,True,False,False,False,False,False,True,0.10247043485974938
95,False,False,False,False,True,False,False,False,False,False,False,False,True,False,True,False,0.5164122683960384
97,False,True,True,False,True,False,True,True,False,False,True,False,False,False,False,True,0.6114529869535041
98,False,False,False,False,False,False,False,False,False,False,False,False,False,False,False,True,0.28504940740261286
99,False,True,False,True,True,True,False,False,True,True,True,False,False,False,True,False,0.30169958247834794
100,False,False,False,True,True,True,True,False,True,False,True,False,False,False,False,True,0.10247043485974938
102,False,False,False,False,True,False,False,True,False,False,False,False,False,False,True,False,0.5164122683960384
103,False,False,False,False,False,True,False,False,True,True,True,False,False,False,False,False,0.004677734981047177
104,False,False,False,True,True,False,False,False,False,False,False,False,True,False,True,False,0.22779999398822914
110,False,False,True,False,False,False,True,True,False,False,False,False,False,False,False,True,1.0
111,False,False,False,False,True,False,False,True,False,False,False,False,False,False,False,False,0.10247043485974938
113,False,False,False,False,True,True,False,False,True,False,True,False,False,False,False,False,0.004677734981047177
114,False,False,False,False,False,False,False,False,False,False,False,False,False,False,False,False,
117,False,False,True,False,True,False,False,True,False,False,False,False,False,False,False,True,1.0
118,False,False,True,False,True,False,True,True,False,False,False,False,True,False,False,False,0.5862136810731398
121,True,False,False,True,True,True,False,False,True,True,True,False,True,False,False,True,0.6114529869535041
122,False,False,True,False,False,True,False,False,True,False,False,False,True,False,False,True,0.58621368107314
123,False,True,False,False,True,False,True,False,False,False,False,False,True,False,False,True,0.58621368107314
124,False,True,True,False,False,True,False,True,True,False,True,False,True,False,False,True,1.0
125,False,False,False,True,False,True,False,False,False,False,True,False,False,False,False,False,0.5164122683960382
126,True,False,False,False,False,False,False,False,False,False,False,False,False,False,False,False,0.28504940740261286
127,True,False,False,False,False,False,False,False,False,False,False,False,False,False,False,False,0.28504940740261286
128,True,False,False,False,True,False,False,False,False,False,False,False,False,False,False,False,1.0
129,True,False,False,False,False,False,False,False,False,False,False,False,True,False,False,False,0.1024704348597496
130,False,False,False,False,True,False,False,False,False,True,False,False,False,False,False,False,0.10247043485974916
132,True,False,False,False,True,True,True,False,True,False,True,False,True,False,True,False,0.30169958247834794
133,False,False,False,False,True,False,False,False,False,True,True,False,True,False,False,True,0.58621368107314
134,True,False,False,True,True,False,False,False,False,False,False,False,False,False,False,False,0.5164122683960384
135,False,False,True,True,False,True,False,False,True,False,False,False,True,False,False,False,0.58621368107314
138,False,False,True,True,True,False,False,False,False,False,False,False,False,False,False,False,0.5164122683960384
139,False,True,True,True,True,True,False,False,True,False,True,False,True,False,True,False,0.6114529869535041
142,False,False,False,False,True,False,False,False,False,False,False,False,False,False,False,False,0.2850494074026124
143,False,False,False,False,False,False,False,False,False,False,False,False,False,False,False,False,
144,False,False,False,False,True,False,False,True,True,False,True,False,True,False,False,True,0.28504940740261286
145,False,False,False,True,True,True,False,False,False,True,True,False,True,False,False,True,0.6114529869535041
148,False,True,True,False,True,True,True,True,True,False,False,False,True,False,False,True,0.6114529869535041
149,False,False,False,False,False,False,False,False,False,False,False,False,False,False,False,False,
151,False,False,False,True,True,False,False,False,False,False,False,False,True,False,False,False,0.5164122683960384
153,False,False,False,False,True,True,False,True,False,True,True,False,True,False,True,True,0.30169958247834794
156,True,True,True,False,False,True,True,False,True,False,True,False,True,False,True,False,0.6114529869535041
158,False,True,False,True,True,False,False,False,False,False,False,False,False,False,True,False,0.22779999398822914
159,False,False,False,True,True,True,True,False,False,False,False,False,False,False,True,False,0.5862136810731398
160,False,True,True,True,True,True,True,True,True,True,False,False,True,False,True,False,0.58621368107314
161,False,False,False,False,False,False,False,False,False,False,False,False,False,False,False,False,
162,False,False,False,False,True,True,True,False,True,False,False,False,False,False,False,False,0.004677734981047177
163,True,False,False,True,False,False,False,False,False,False,False,False,False,False,False,False,0.1024704348597496
164,False,False,False,False,False,True,False,False,False,True,True,False,False,False,False,False,0.02845973691631043
165,True,False,False,False,False,False,False,False,False,False,False,False,False,False,False,False,0.28504940740261286
166,False,False,False,False,True,False,False,False,False,False,False,False,False,False,False,False,0.2850494074026124
167,False,True,True,False,True,False,False,False,False,False,False,False,False,False,False,False,0.5164122683960384
168,False,False,False,False,True,True,False,False,True,True,False,False,False,False,False,False,0.004677734981047177
170,True,False,False,False,False,False,False,True,False,False,False,False,False,False,False,False,1.0
171,False,True,True,False,True,False,False,True,True,True,True,False,False,False,False,True,0.30169958247834794
172,False,False,False,False,False,True,False,False,False,False,True,False,False,False,False,True,0.5164122683960382
174,True,False,False,True,True,False,False,False,False,False,False,False,False,False,True,False,0.22779999398822914
175,True,True,False,False,True,False,False,True,False,False,False,False,False,False,True,True,0.28504940740261286
177,False,True,False,False,True,True,True,False,True,False,False,False,False,False,False,False,0.07684324403365639
178,False,False,False,True,False,False,False,False,False,False,False,False,False,False,False,True,0.1024704348597496
180,True,True,True,True,True,True,True,True,True,True,True,False,True,False,False,True,0.5164122683960384
182,True,False,False,True,True,False,False,False,False,False,False,False,False,False,False,False,0.5164122683960384
183,False,False,False,True,True,False,False,False,False,False,False,False,False,False,False,False,1.0
184,True,False,False,False,False,False,False,False,False,False,False,False,False,False,False,True,0.10247043485974983
185,False,False,False,False,False,False,False,False,False,False,False,False,False,False,False,False,
187,False,False,False,True,True,False,False,True,False,False,False,False,True,False,False,False,1.0
190,False,False,False,True,True,True,False,False,False,True,True,False,True,False,False,True,0.6114529869535041
195,False,False,False,True,True,False,False,False,False,False,False,False,False,False,False,False,1.0
197,False,False,False,True,True,True,True,True,True,False,True,False,False,False,False,False,0.0011768659106248247
198,False,True,False,False,False,False,False,False,False,False,False,False,True,False,False,True,0.02845973691631065
201,False,False,False,False,False,False,False,True,False,False,False,False,False,False,False,False,0.28504940740261286
202,False,False,False,True,True,False,False,False,False,False,True,False,True,False,False,False,1.0
203,False,True,False,False,False,False,False,False,False,False,True,False,False,False,False,False,1.0
205,True,False,False,False,True,True,True,False,False,False,True,False,True,False,False,True,0.6114529869535041
208,False,False,False,False,False,True,False,False,False,False,False,False,True,False,False,False,1.0
209,False,False,False,True,True,True,False,False,False,False,True,False,True,False,False,True,1.0
210,False,False,False,True,True,False,False,False,False,False,False,False,True,False,False,True,0.22779999398822914
211,False,True,False,False,False,False,False,False,False,False,False,False,False,False,False,False,0.28504940740261286
214,True,False,False,False,False,False,False,False,False,False,False,False,False,False,False,False,0.28504940740261286
216,True,False,False,False,False,True,True,True,False,False,True,False,False,False,False,False,0.07684324403365639
217,True,False,False,False,False,False,True,True,False,False,False,False,False,False,True,False,1.0
218,False,False,False,False,False,False,False,False,True,False,True,False,False,False,False,True,0.5164122683960384
219,True,False,False,False,False,False,False,False,False,False,True,False,False,False,False,False,1.0
220,True,False,False,False,False,False,False,False,False,False,False,False,False,False,False,False,0.28504940740261286
221,True,False,False,True,False,False,False,False,False,False,False,False,False,False,True,False,0.02845973691631065
222,True,True,False,False,False,True,True,True,False,False,True,False,False,False,False,False,0.28504940740261286
223,True,False,False,False,False,False,False,False,False,False,False,False,False,False,True,False,0.1024704348597496
224,True,False,False,False,False,True,True,True,True,True,True,False,False,False,True,False,0.020921335337793945
225,True,True,True,False,False,False,True,False,False,False,False,False,True,False,True,False,0.01586133273977297
226,True,False,False,False,False,True,False,True,False,False,True,False,True,False,True,False,1.0
227,True,False,True,False,False,False,True,False,False,False,False,False,False,False,True,True,0.07684324403365639
228,True,False,False,False,False,False,False,False,False,False,False,False,False,False,False,False,0.28504940740261286
229,False,False,False,False,False,False,False,False,False,False,False,False,False,False,False,False,
230,False,False,False,False,False,False,True,False,False,False,True,False,False,False,False,False,0.10247043485974938
231,True,False,False,True,False,False,False,False,False,False,False,False,False,False,False,False,0.1024704348597496
232,True,False,False,False,False,True,True,False,False,False,True,False,False,False,True,False,0.58621368107314
233,True,True,False,True,False,False,False,False,False,True,True,False,False,False,True,False,0.28504940740261286
234,True,False,False,False,False,False,False,False,False,False,False,False,False,False,False,False,0.28504940740261286
235,True,False,True,False,False,False,False,False,False,False,False,False,True,False,True,True,0.0002607296328553943
236,True,False,False,False,False,False,False,False,False,False,False,False,False,False,True,False,0.1024704348597496
237,True,False,False,True,False,False,False,False,False,True,True,False,True,False,True,False,0.28504940740261286
238,False,False,True,True,False,False,True,False,False,False,False,False,False,False,False,False,0.5164122683960384
239,True,False,False,False,False,False,False,False,False,False,False,False,False,False,True,False,0.1024704348597496
240,True,False,False,False,False,False,False,False,False,True,True,False,False,False,False,False,0.5164122683960384
241,True,False,True,False,False,True,False,True,True,False,True,False,False,False,False,False,0.28504940740261286
242,True,False,False,False,False,False,False,False,False,False,False,False,True,False,False,False,0.1024704348597496
243,True,True,False,False,False,False,True,False,True,False,True,False,False,False,True,False,1.0
244,True,False,False,False,False,False,False,False,False,False,False,False,False,False,True,False,0.1024704348597496
245,True,False,False,False,False,False,False,False,False,False,True,False,False,False,False,False,1.0
246,False,True,True,False,False,False,True,True,False,False,False,False,False,False,False,True,0.58621368107314
247,True,False,False,False,False,False,False,False,False,False,False,False,False,False,False,False,0.28504940740261286
249,True,True,True,True,False,False,False,True,True,True,True,False,True,False,False,True,0.28504940740261286
250,True,False,False,False,False,True,True,False,True,False,True,False,False,False,True,False,0.28504940740261286
251,False,False,False,False,False,False,True,True,False,False,False,False,False,False,False,False,0.10247043485974938
252,True,True,True,False,False,False,False,False,False,False,False,False,True,False,True,False,0.0002607296328553943
253,False,True,False,True,False,True,False,False,False,False,True,False,False,False,True,False,0.58621368107314
254,True,False,False,False,False,False,True,False,True,False,True,False,False,False,True,False,0.58621368107314
255,False,False,False,True,False,False,False,False,True,False,False,False,False,False,False,False,1.0
256,True,False,False,False,False,False,False,False,False,False,False,False,False,False,True,False,0.1024704348597496
257,True,False,False,False,False,False,False,True,False,False,True,False,False,False,True,True,0.58621368107314
259,True,False,False,False,False,False,False,False,False,False,False,False,False,False,True,False,0.1024704348597496
260,False,False,False,False,False,False,False,False,False,False,True,False,False,False,False,True,1.0
261,True,False,False,False,False,False,False,False,False,False,False,False,False,False,False,False,0.28504940740261286
262,True,False,False,False,False,False,False,False,False,False,False,False,False,False,False,False,0.28504940740261286
265,False,False,False,False,False,True,False,False,False,False,False,False,True,False,False,False,1.0
266,True,False,False,False,False,False,False,False,False,False,False,False,False,False,False,False,0.28504940740261286
267,True,False,False,False,False,False,False,False,False,False,False,False,False,False,False,False,0.28504940740261286
270,True,False,False,False,False,False,False,False,False,False,False,False,False,False,False,False,0.28504940740261286
271,True,False,True,True,False,False,False,False,False,False,False,False,False,False,False,False,0.02845973691631065
272,True,False,False,True,False,False,False,False,False,False,False,False,False,False,False,False,0.1024704348597496
273,True,False,False,True,False,False,False,False,False,False,False,False,False,False,False,True,0.02845973691631065
274,True,False,False,True,False,False,False,False,False,False,False,False,False,False,False,False,0.1024704348597496
276,True,False,False,True,False,False,False,False,False,False,False,False,False,False,False,False,0.1024704348597496
277,False,False,False,False,False,True,True,False,True,False,False,False,False,False,False,False,0.02845973691631043
278,True,True,False,False,False,False,False,False,False,False,False,False,False,False,False,True,0.02845973691631065
281,True,True,False,False,False,False,False,False,False,True,True,False,False,False,False,True,0.58621368107314
283,True,False,False,False,False,False,False,False,False,False,True,False,False,False,False,False,1.0
284,True,False,False,False,False,False,False,False,False,False,True,False,False,False,False,False,1.0
287,False,False,False,False,False,False,False,True,True,False,False,False,False,False,True,False,0.5164122683960384
293,False,False,False,False,False,False,False,False,False,False,False,True,False,False,False,False,0.2850494074026124
294,False,False,False,False,False,False,False,False,False,False,False,True,False,True,False,False,1.0
295,False,False,False,False,False,False,False,False,False,False,False,False,False,False,False,False,
296,False,False,False,True,False,False,False,False,False,False,False,False,False,False,False,False,0.28504940740261286
297,False,False,True,True,False,True,False,False,False,False,False,True,False,True,False,False,0.58621368107314
298,False,False,False,False,False,False,False,False,False,False,False,True,False,True,False,False,1.0
301,False,False,False,False,False,False,False,False,False,False,False,True,False,True,False,False,1.0
302,False,False,False,False,False,False,False,False,False,False,False,False,False,True,False,False,0.28504940740261286
303,False,False,False,False,False,False,False,False,False,False,False,False,False,False,False,False,
306,False,False,False,False,False,False,False,False,False,False,False,False,False,False,False,True,0.28504940740261286
309,False,True,False,False,False,False,False,False,False,False,False,False,False,False,True,False,0.1024704348597496
310,False,True,False,False,False,False,False,False,False,False,False,False,False,False,False,False,0.28504940740261286
311,False,True,True,True,False,False,False,False,False,True,False,True,False,True,False,False,0.28504940740261286
312,False,True,False,True,False,False,False,False,False,False,False,False,False,False,False,False,0.1024704348597496
313,False,True,False,False,False,False,False,False,False,False,False,False,False,False,False,False,0.28504940740261286
314,False,True,False,False,False,False,True,False,True,False,False,False,False,True,False,False,1.0
315,False,True,False,False,False,False,False,False,False,False,True,False,False,False,False,False,1.0
316,False,True,False,False,False,False,False,False,False,False,True,False,False,False,True,False,0.5164122683960384
317,False,True,True,False,False,False,True,True,True,False,False,False,False,False,False,False,0.58621368107314
318,False,True,True,False,False,False,False,False,False,False,False,False,False,False,False,False,0.1024704348597496
319,False,True,False,False,False,False,False,False,False,False,False,False,True,False,False,True,0.02845973691631065
320,False,True,False,True,False,False,False,False,False,False,False,False,False,False,False,False,0.1024704348597496
321,False,True,True,False,False,False,False,False,False,False,False,False,True,True,True,True,9.63357008609833e-07
322,False,True,False,False,False,False,False,False,False,False,False,True,False,False,False,False,1.0
323,False,True,True,True,False,False,False,False,False,True,False,False,False,False,False,True,0.07684324403365639
324,False,True,True,False,False,False,False,False,False,True,False,False,False,False,False,False,0.5164122683960384
325,False,True,True,False,False,True,False,False,True,False,True,False,False,False,False,True,1.0
326,False,False,False,False,False,False,False,True,False,False,False,False,False,False,False,True,1.0
327,False,True,False,True,False,False,False,False,False,False,False,False,False,False,False,False,0.1024704348597496
328,False,True,False,False,False,False,True,False,False,False,False,False,False,False,False,False,1.0
330,False,True,True,True,False,False,False,False,False,False,False,False,True,False,False,False,0.004677734981047399
331,False,True,False,False,False,False,True,False,False,False,True,False,False,False,False,False,0.5164122683960384
332,False,True,True,False,False,False,False,False,False,True,False,False,False,False,False,False,0.5164122683960384
333,False,True,True,False,False,False,False,False,False,False,False,False,False,False,False,True,0.02845973691631065
334,False,True,True,True,False,False,True,False,False,False,False,False,False,False,False,False,0.22779999398822914
335,False,True,True,True,False,True,False,False,False,False,False,False,False,False,False,False,0.22779999398822914
336,False,True,False,False,False,False,True,False,False,False,False,False,True,False,False,False,0.5164122683960384
337,False,False,False,False,False,False,False,False,False,False,True,False,False,False,False,False,0.2850494074026124
339,False,True,True,True,False,False,False,True,False,False,False,False,False,False,False,False,0.22779999398822914
340,False,True,False,False,False,False,False,False,False,False,False,False,False,False,False,False,0.28504940740261286
342,False,False,False,False,False,False,False,True,True,False,False,False,False,False,False,False,0.10247043485974938
343,False,False,False,False,False,True,True,False,False,False,False,False,False,False,False,False,0.10247043485974938
344,False,True,True,False,False,False,False,False,True,False,False,False,False,False,False,False,0.5164122683960384
345,False,True,False,False,False,False,True,True,False,True,False,False,True,False,True,False,1.0
346,False,True,True,False,False,False,False,True,False,True,False,False,False,False,False,False,1.0
347,False,True,False,True,False,False,True,False,True,False,False,False,True,False,False,True,0.28504940740261286
348,False,True,True,True,False,True,True,False,True,False,True,False,True,False,False,False,1.0
349,False,True,False,False,False,False,False,False,False,True,True,False,False,False,False,False,0.5164122683960384
350,False,True,False,False,False,True,True,False,False,True,True,False,False,False,False,False,0.07684324403365639
352,False,True,True,False,False,True,True,True,False,True,False,False,False,False,False,True,0.6114529869535041
353,False,False,False,False,False,False,False,True,True,False,False,False,True,False,False,False,0.5164122683960384
354,False,False,False,False,False,False,False,False,False,False,False,False,False,False,False,False,
355,False,False,True,True,False,False,False,True,False,False,False,False,True,False,False,True,0.07684324403365639
356,False,True,False,False,False,False,False,False,False,False,False,False,True,False,True,False,0.02845973691631065
358,False,False,False,False,False,False,False,False,False,False,False,False,False,False,False,False,
359,False,False,False,False,False,False,False,False,False,False,False,False,False,False,False,False,
362,False,False,False,False,False,False,False,False,False,False,False,False,False,False,False,False,
363,False,False,False,False,False,False,False,False,False,False,False,True,False,True,False,False,1.0
364,False,False,False,False,False,False,False,False,False,False,False,False,False,False,False,False,
366,False,False,False,False,False,False,False,False,False,False,False,False,False,False,False,False,
367,False,False,False,False,False,False,False,False,False,False,False,False,False,False,False,False,
368,False,False,False,False,False,False,False,False,False,False,False,False,False,False,False,False,
370,False,False,True,True,False,False,False,False,False,False,False,False,False,False,True,False,0.02845973691631065
371,False,False,False,False,False,False,False,False,False,False,False,False,False,False,False,False,
372,False,False,False,False,False,False,False,False,False,False,False,True,False,True,False,False,1.0
373,False,False,False,False,False,False,False,False,False,False,False,False,False,False,False,False,
374,False,False,False,False,False,True,False,True,True,True,True,False,True,False,False,False,0.01586133273977297
375,False,False,False,False,False,True,False,True,False,True,False,False,False,False,False,False,0.02845973691631043
376,False,False,False,False,False,True,False,False,False,False,False,True,False,True,False,False,0.5164122683960382
377,False,False,False,False,False,False,False,False,False,False,False,False,True,False,False,False,0.28504940740261286
378,False,False,False,False,False,False,False,False,False,False,False,False,False,False,False,False,
380,False,False,False,False,False,False,False,False,False,False,False,False,False,False,False,False,
382,False,False,False,False,False,False,False,True,True,False,False,False,False,False,False,False,0.10247043485974938
383,False,False,False,False,False,False,False,False,False,False,False,False,False,False,False,False,
384,False,False,False,False,False,False,False,False,False,False,False,False,False,False,False,False,
387,False,False,False,False,False,False,False,False,False,False,False,True,False,True,False,False,1.0
388,False,False,False,True,False,False,False,False,False,False,False,False,False,True,False,False,0.1024704348597496
389,False,False,False,False,False,False,False,False,True,False,False,False,False,False,False,False,0.2850494074026124
390,False,False,False,False,False,True,False,True,True,True,True,True,False,True,False,False,0.0011768659106248247
391,False,False,True,True,False,False,False,False,False,False,False,False,True,False,False,False,0.02845973691631065
392,False,False,False,False,False,False,False,False,False,False,False,False,False,False,False,False,
394,False,False,False,False,False,False,False,False,False,False,False,False,False,False,False,False,
395,False,False,False,False,False,False,False,False,False,False,False,True,False,True,False,False,1.0
396,False,False,False,False,False,False,False,False,False,False,False,False,False,False,False,False,
397,False,False,False,False,False,True,False,True,False,False,False,False,False,False,False,True,0.5164122683960384
398,False,False,False,False,False,True,False,True,False,True,True,False,False,False,False,False,0.004677734981047177
399,False,False,False,False,False,True,False,False,False,False,True,False,False,False,False,False,0.10247043485974916
400,False,False,False,False,False,False,False,False,False,False,False,False,False,False,False,False,
401,False,False,False,True,False,False,False,False,False,False,False,False,False,False,False,False,0.28504940740261286
402,False,False,False,True,False,False,False,False,False,False,False,False,False,False,True,False,0.1024704348597496
403,False,False,False,True,False,True,False,True,True,False,True,False,False,False,False,False,0.07684324403365639
404,False,False,False,False,False,True,False,False,True,False,True,False,False,False,False,False,0.02845973691631043
405,False,False,False,False,False,False,False,False,True,True,False,False,False,False,False,False,0.10247043485974938
407,False,False,False,False,False,True,False,False,True,True,True,False,False,False,False,False,0.004677734981047177
409,False,False,False,False,False,True,False,False,True,True,True,False,False,False,False,False,0.004677734981047177
410,False,False,False,False,False,False,False,False,False,False,False,False,False,False,False,False,
412,False,False,False,True,False,True,False,False,True,True,True,False,False,True,False,False,0.28504940740261286
414,False,False,False,False,False,False,False,False,False,False,False,False,False,False,False,False,
417,False,False,False,True,False,False,False,False,False,False,False,False,False,False,False,False,0.28504940740261286
418,False,False,False,False,False,False,False,False,False,False,False,False,False,False,False,False,
419,False,False,False,False,False,False,False,False,False,False,False,False,False,False,False,False,
420,False,False,False,True,False,False,False,False,False,False,False,True,False,False,False,False,1.0
421,False,False,False,False,False,False,False,True,False,False,False,False,False,False,False,False,0.28504940740261286
422,False,False,False,False,False,False,False,False,False,False,False,False,False,False,False,False,
426,False,False,False,False,False,False,False,False,False,False,False,False,False,False,False,False,
428,False,False,False,False,False,False,True,False,False,False,True,False,False,False,False,False,0.10247043485974938
429,False,False,False,False,False,False,False,False,False,False,False,False,False,False,False,False,
432,False,False,False,False,False,False,False,False,False,False,False,False,False,False,False,False,
434,False,False,False,False,False,False,False,False,False,False,False,False,False,False,False,False,
435,False,False,False,False,False,False,False,False,False,False,False,False,False,False,False,False,
436,False,False,False,False,False,False,False,False,False,False,False,False,False,False,False,False,
437,False,False,False,False,False,False,False,False,False,False,False,False,False,False,False,False,
438,False,False,True,True,False,False,False,False,True,False,False,False,False,False,False,False,0.5164122683960384
439,False,False,False,False,False,False,False,False,False,False,False,False,False,False,False,False,
440,False,False,False,False,False,False,False,False,False,False,False,False,False,False,False,False,
444,False,False,False,True,False,False,False,False,False,False,False,False,False,True,True,False,0.02845973691631065
445,False,False,True,False,False,False,False,False,False,False,False,False,True,False,True,False,0.02845973691631065
446,False,False,True,False,False,True,True,False,False,False,False,False,False,False,False,False,0.5164122683960384
447,False,False,True,False,False,False,False,True,True,False,False,False,False,False,False,False,0.5164122683960384
448,False,False,True,False,False,False,False,True,False,False,True,False,False,False,False,True,1.0
449,False,False,True,False,False,False,False,False,False,True,False,False,True,False,False,True,0.22779999398822914
450,False,False,True,True,False,False,False,True,False,False,False,False,False,False,False,False,0.5164122683960384
451,False,False,True,True,False,False,False,False,False,False,False,False,False,False,False,False,0.1024704348597496
452,False,False,True,True,False,False,False,False,False,False,False,False,True,False,False,False,0.02845973691631065
454,False,False,True,False,False,False,False,True,False,False,False,False,False,False,False,False,1.0
456,False,False,True,False,False,False,False,False,True,True,True,False,False,False,False,False,0.2277999939882287
458,False,False,True,False,False,False,True,True,True,False,False,False,False,False,False,False,0.2277999939882287
459,False,False,False,False,False,False,False,False,False,False,False,False,False,False,False,False,
460,False,False,False,False,False,False,False,False,False,False,False,False,False,False,False,False,
461,False,False,False,False,False,False,False,False,False,False,False,False,False,False,False,False,
462,False,False,False,False,False,False,False,False,False,False,False,False,False,False,False,False,
463,False,False,False,False,False,True,False,True,False,False,False,False,False,False,False,False,0.10247043485974938
465,False,False,False,False,False,False,False,False,False,False,False,False,False,False,False,False,
466,False,False,False,True,False,False,False,False,False,False,False,False,False,False,False,False,0.28504940740261286
467,False,False,False,False,False,False,False,False,False,False,False,True,False,False,True,False,1.0
468,False,False,False,False,False,False,False,False,False,False,False,False,False,False,False,False,
469,False,False,False,False,False,False,False,False,False,False,False,False,False,False,False,False,
470,False,False,False,False,False,False,False,False,False,False,False,False,False,False,False,False,
471,False,False,False,False,False,False,False,False,False,False,False,False,False,False,False,False,
472,False,False,False,True,False,False,False,False,False,False,False,False,False,False,False,False,0.28504940740261286
473,False,False,False,False,False,False,False,False,False,False,False,True,False,True,False,False,1.0
474,False,False,False,False,False,False,False,False,False,False,False,False,False,False,False,False,
475,False,False,False,False,False,False,False,False,False,False,False,False,False,False,False,False,
476,False,False,False,False,False,False,False,False,False,False,False,False,False,False,False,False,
477,False,False,False,True,False,False,False,False,False,False,False,False,False,False,False,False,0.28504940740261286
478,False,False,False,True,False,False,False,False,False,False,False,False,False,False,False,False,0.28504940740261286
479,False,False,False,True,False,False,False,True,True,False,False,False,False,False,False,True,1.0
480,False,False,False,False,False,False,False,False,False,False,False,False,False,False,False,False,
481,False,False,False,False,False,False,False,False,False,False,False,False,False,False,False,False,
482,False,False,False,False,False,True,False,False,True,True,True,False,False,False,False,False,0.004677734981047177
484,False,False,False,False,False,False,False,False,False,False,False,False,False,False,False,False,
485,False,False,False,False,False,False,False,False,False,False,False,False,False,False,False,False,
487,False,False,False,False,False,False,False,False,False,False,True,False,False,False,False,False,0.2850494074026124
488,False,False,False,False,False,True,False,True,False,False,False,False,False,False,False,False,0.10247043485974938
489,False,False,False,False,False,False,False,False,False,True,False,False,False,False,False,False,0.2850494074026124
490,False,False,False,False,False,False,False,False,True,False,False,False,False,False,False,False,0.2850494074026124
491,False,False,False,False,False,True,False,False,True,False,False,False,False,False,False,False,0.10247043485974916
492,False,False,False,False,False,False,False,False,False,True,True,False,False,False,False,False,0.10247043485974938
493,False,False,False,False,False,False,False,False,False,False,False,False,False,False,False,False,
494,False,False,False,False,False,False,False,False,False,False,False,False,False,False,False,False,
496,False,False,False,True,False,False,False,False,False,False,False,False,False,False,False,False,0.28504940740261286
497,False,False,False,False,False,False,False,False,False,False,False,False,False,False,False,False,
498,False,False,False,False,False,False,False,False,False,False,False,False,False,False,False,False,
499,False,False,False,False,False,False,False,False,False,False,False,False,False,False,False,False,
500,False,False,False,False,False,False,False,False,False,False,False,False,False,False,False,False,
501,False,False,False,False,False,False,False,False,False,False,False,False,False,False,False,False,
503,False,False,False,False,False,False,False,False,False,False,False,False,False,False,False,False,
504,False,False,False,False,False,False,False,False,False,True,False,False,False,False,False,False,0.2850494074026124
505,False,False,False,False,False,True,False,False,False,False,False,False,False,False,False,False,0.28504940740261286
506,False,False,False,False,False,False,False,False,False,False,False,False,False,False,False,False,
507,False,False,False,False,False,False,False,False,False,False,False,False,False,False,False,False,
508,False,False,False,False,False,False,False,False,False,True,False,False,False,False,False,False,0.2850494074026124
509,False,False,False,False,False,False,False,False,False,False,False,False,False,False,False,False,
510,False,False,False,False,False,False,False,False,False,False,False,False,False,False,False,False,
511,False,False,False,False,False,False,False,False,False,False,False,False,False,False,False,False,
512,False,False,False,False,False,False,False,False,False,False,False,False,False,False,False,False,
513,False,False,False,True,False,False,False,False,False,False,False,False,False,False,False,False,0.28504940740261286
514,False,False,False,False,False,False,False,False,False,False,False,False,False,False,False,False,
515,False,False,False,False,False,False,False,False,False,False,False,False,False,False,False,False,
517,False,False,False,False,False,False,False,False,False,False,False,False,False,False,False,False,
519,False,False,False,False,False,False,False,False,False,False,False,False,False,False,False,False,
520,False,False,False,False,False,False,False,False,False,False,False,False,False,False,False,False,
521,False,False,False,False,False,False,False,False,False,False,False,False,False,False,False,False,
522,False,False,False,True,False,False,False,False,False,False,False,False,False,False,False,False,0.28504940740261286
523,False,False,False,False,False,False,False,False,False,False,False,False,False,False,False,False,
524,False,False,False,False,False,False,False,False,False,False,False,False,False,False,False,False,
525,False,False,False,False,False,False,False,False,False,False,False,False,False,False,False,False,
526,False,False,False,False,False,False,False,False,False,False,False,False,False,False,False,False,
527,False,False,False,False,False,False,False,False,False,False,False,False,False,False,False,False,
529,False,False,False,False,False,False,False,False,False,False,False,False,False,False,False,False,
530,False,False,False,False,False,False,False,False,False,False,False,False,False,False,False,False,
533,False,False,False,False,False,False,False,False,False,False,False,False,False,False,False,False,
534,False,False,False,False,False,False,False,False,False,True,False,False,False,False,False,False,0.2850494074026124
536,False,False,False,False,False,False,False,False,False,False,False,False,False,False,False,False,
538,False,False,False,True,False,True,False,False,True,True,True,False,False,False,False,False,0.07684324403365639
541,False,False,False,True,False,False,False,False,False,False,False,False,False,False,False,False,0.28504940740261286
542,False,False,False,False,False,False,False,True,False,False,False,False,True,False,False,False,1.0
543,False,False,False,True,False,False,False,False,False,True,False,False,False,False,False,False,1.0
544,False,False,False,False,False,False,False,False,False,False,False,False,False,False,False,False,
545,False,False,False,True,False,False,False,True,False,False,False,False,False,False,True,False,0.5164122683960384
546,False,False,False,True,False,False,False,False,True,True,False,True,False,False,False,False,0.2277999939882287
548,False,False,False,True,False,False,False,False,False,False,False,False,False,False,False,False,0.28504940740261286
549,False,False,False,False,False,False,False,False,False,False,True,False,False,False,False,False,0.2850494074026124
550,False,False,False,True,False,True,False,False,False,False,False,False,False,False,False,False,1.0
551,False,False,False,True,False,True,False,False,True,True,True,False,False,False,False,False,0.07684324403365639
552,False,False,False,True,False,False,False,False,False,True,False,True,True,True,False,False,0.58621368107314
553,False,False,False,False,False,False,False,False,False,False,False,False,False,True,False,False,0.28504940740261286
554,False,False,False,True,False,False,False,False,False,False,False,False,True,False,False,False,0.1024704348597496
555,False,False,False,False,False,False,False,False,False,False,False,False,True,False,False,False,0.28504940740261286
556,False,False,False,True,False,False,False,True,False,False,False,False,False,False,False,True,0.5164122683960384
557,False,False,False,True,False,False,False,False,False,False,False,False,False,False,False,False,0.28504940740261286
561,False,False,False,True,False,False,False,False,False,False,False,False,False,False,False,False,0.28504940740261286
562,False,False,False,True,False,True,False,False,False,False,False,False,False,False,False,False,1.0
563,False,False,False,True,False,False,False,False,True,False,False,False,False,False,False,False,1.0
564,False,False,False,True,False,False,False,False,False,False,False,False,True,False,False,False,0.1024704348597496
565,False,False,False,True,False,False,False,False,False,False,False,False,False,False,False,False,0.28504940740261286
566,False,False,False,True,False,False,False,False,False,False,False,False,False,False,False,False,0.28504940740261286
568,False,False,False,True,False,False,False,False,False,False,False,False,False,False,False,False,0.28504940740261286
569,False,False,False,True,False,False,False,False,False,False,False,False,False,False,False,False,0.28504940740261286
571,False,False,False,True,False,False,False,False,False,False,False,False,False,False,False,False,0.28504940740261286
572,False,False,False,True,False,False,False,False,False,False,False,False,False,False,False,False,0.28504940740261286
574,False,False,False,False,False,True,False,True,False,False,True,False,False,False,False,False,0.02845973691631043
576,False,False,False,True,False,False,False,False,False,True,True,False,True,False,True,False,0.58621368107314
577,False,False,False,True,False,False,False,False,False,False,False,False,False,False,False,False,0.28504940740261286
578,False,False,False,True,False,False,False,False,False,False,True,False,True,False,False,True,0.22779999398822914
579,False,False,False,True,False,False,False,False,False,False,True,False,True,False,False,True,0.22779999398822914
580,False,False,False,True,False,True,False,False,False,False,True,False,False,False,False,False,0.5164122683960382
581,False,False,False,True,False,False,False,False,False,False,False,False,True,False,True,True,0.004677734981047399
582,False,False,False,False,False,False,False,False,False,False,False,False,False,False,False,False,
583,False,False,False,False,False,False,False,False,False,False,False,False,False,False,False,True,0.28504940740261286
584,False,False,False,False,False,False,False,False,False,False,False,False,False,False,True,False,0.28504940740261286
586,False,False,False,False,False,False,False,False,False,False,False,False,False,False,False,False,
588,False,False,False,False,False,False,False,False,False,False,False,False,False,False,False,False,
589,False,False,False,False,False,False,False,False,False,False,False,False,False,False,False,False,
591,False,False,False,False,False,False,False,False,False,False,False,False,False,False,False,False,
592,False,False,False,False,False,False,False,False,False,False,False,False,False,False,False,False,
593,False,False,False,False,False,False,False,False,False,False,False,False,False,False,False,False,
594,False,False,False,False,False,True,False,False,False,False,False,False,False,False,False,False,0.28504940740261286
595,False,False,False,False,False,False,False,False,False,False,False,True,False,False,False,False,0.2850494074026124
596,False,False,False,False,False,False,False,False,False,True,False,False,False,False,False,False,0.2850494074026124
598,False,False,False,False,False,False,False,False,False,False,False,False,False,False,False,False,
599,False,False,False,False,False,False,False,False,False,False,False,False,False,False,False,False,
601,False,False,False,False,False,False,False,False,False,False,False,False,False,False,False,False,
602,False,False,False,False,False,False,False,False,False,False,False,False,False,False,True,False,0.28504940740261286
603,False,False,False,False,False,False,False,False,False,False,False,False,False,False,False,False,
604,False,False,False,False,False,False,False,False,False,False,False,False,False,False,False,False,
606,False,False,False,False,False,False,False,False,False,False,True,False,False,False,False,False,0.2850494074026124
607,False,False,False,False,False,False,False,False,False,False,False,False,False,False,False,False,
609,False,False,False,False,False,True,False,True,False,False,False,False,False,False,True,False,0.5164122683960384
612,False,False,False,False,False,False,False,False,False,False,False,False,False,False,False,False,
614,False,False,False,False,False,False,False,False,False,False,False,False,True,False,False,False,0.28504940740261286
618,False,False,False,False,False,False,False,False,False,False,False,False,True,False,True,False,0.1024704348597496
621,False,False,False,False,False,False,False,False,False,True,False,False,True,False,False,False,1.0
622,False,False,False,False,False,False,False,False,False,False,False,False,True,False,False,True,0.1024704348597496
626,False,False,False,False,False,False,False,False,False,False,False,False,True,False,True,False,0.1024704348597496
627,False,False,False,False,False,False,False,False,False,False,False,False,True,False,False,False,0.28504940740261286
629,False,False,False,False,False,False,False,False,False,False,False,False,True,False,False,False,0.28504940740261286
632,False,False,False,False,False,False,False,False,False,False,False,False,False,False,False,False,
634,False,False,False,False,False,False,False,False,False,False,False,False,False,True,False,True,0.1024704348597496
635,False,False,False,False,False,False,False,False,False,False,False,False,False,False,False,False,
636,False,False,False,False,False,False,False,False,False,False,False,False,False,True,False,False,0.28504940740261286
637,False,False,False,False,False,False,False,False,False,False,False,False,False,False,False,False,
638,False,False,False,False,False,False,False,False,False,False,False,False,False,False,False,False,
640,False,False,False,False,False,False,False,False,False,False,False,False,False,False,False,False,
643,False,False,False,False,False,False,False,True,False,False,False,False,False,False,False,False,0.28504940740261286
644,False,False,False,False,False,True,False,False,False,True,False,False,False,False,False,False,0.10247043485974916
645,False,False,False,False,False,False,False,False,False,False,False,False,False,False,False,False,
646,False,False,False,False,False,False,False,False,False,False,False,True,False,False,False,False,0.2850494074026124
647,False,False,False,False,False,False,False,False,False,False,False,False,False,False,False,False,
651,False,False,False,False,False,False,False,False,False,False,False,False,False,False,False,False,
653,False,False,False,False,False,False,False,False,False,False,False,False,False,True,False,False,0.28504940740261286
654,False,False,False,False,False,False,False,False,False,False,False,False,False,True,False,False,0.28504940740261286
655,False,False,False,False,False,False,False,False,False,False,False,False,False,False,False,True,0.28504940740261286
656,False,False,False,False,False,False,True,False,True,True,False,True,False,True,False,False,0.07684324403365639
657,False,False,False,False,False,False,False,True,False,False,False,False,False,True,False,False,1.0
658,False,False,False,False,False,False,False,False,False,False,False,True,False,True,False,False,1.0
659,False,False,False,False,False,False,False,False,False,False,False,True,False,True,False,False,1.0
662,False,False,False,False,False,False,False,False,False,False,False,False,False,True,False,False,0.28504940740261286
668,False,False,False,False,False,False,False,False,False,False,False,False,False,True,False,False,0.28504940740261286
670,False,False,False,False,False,False,False,False,False,False,False,True,False,True,False,False,1.0
671,False,False,False,False,False,False,False,False,False,False,False,True,False,True,False,False,1.0
675,False,False,False,False,False,False,False,True,False,False,False,False,False,True,False,True,0.5164122683960384
676,False,False,False,False,False,False,False,False,False,False,False,False,False,True,False,False,0.28504940740261286
678,False,False,False,False,False,False,False,False,False,True,False,False,False,True,False,False,1.0
679,False,False,False,False,False,False,False,False,False,False,False,True,False,True,False,False,1.0
680,False,False,False,False,False,False,False,False,False,False,False,True,False,True,False,False,1.0
683,False,False,False,False,False,False,False,False,False,False,False,True,False,True,False,False,1.0
684,False,False,False,False,False,False,False,False,False,False,False,True,False,True,False,False,1.0
686,False,False,False,False,False,False,False,False,False,False,False,True,False,True,False,False,1.0
687,False,False,False,False,False,False,False,False,False,False,False,True,False,True,False,False,1.0
688,False,False,False,False,False,False,False,False,False,False,False,True,False,True,False,False,1.0
689,False,False,False,False,False,False,False,False,False,False,False,True,False,True,False,False,1.0
690,False,False,False,False,False,False,False,False,False,False,False,True,False,True,False,False,1.0
693,False,False,False,False,False,False,False,False,True,True,False,True,False,True,False,False,0.2277999939882287
694,False,False,False,False,False,False,False,False,False,False,False,False,False,True,False,False,0.28504940740261286
695,False,False,False,False,False,False,False,False,False,False,False,False,False,True,False,True,0.1024704348597496
696,False,False,False,False,False,False,False,False,False,False,False,False,False,True,False,False,0.28504940740261286
697,False,False,False,False,False,False,False,False,False,False,False,True,False,True,False,False,1.0
698,False,False,False,False,False,False,False,False,False,False,False,True,False,True,False,False,1.0
699,False,False,False,False,False,False,False,False,False,False,False,True,False,True,False,False,1.0
700,False,False,False,False,False,False,False,False,False,False,False,False,False,True,False,False,0.28504940740261286
702,False,False,False,False,False,False,False,False,False,False,False,False,False,True,False,False,0.28504940740261286
703,False,False,False,False,False,False,False,False,False,True,False,True,False,True,False,False,0.5164122683960384
705,False,False,False,False,False,False,False,False,False,False,False,True,False,True,False,False,1.0
706,False,False,False,False,False,False,False,False,False,False,False,True,False,True,False,False,1.0
707,False,False,False,False,False,False,False,False,False,False,False,True,False,True,False,False,1.0
709,False,False,False,False,False,False,False,False,False,False,False,True,False,True,False,False,1.0
710,False,False,False,False,False,False,False,False,False,False,False,True,False,True,False,False,1.0
711,False,False,False,False,False,False,False,False,False,False,False,True,False,True,False,False,1.0
712,False,False,False,False,False,False,False,False,False,False,False,True,False,True,False,False,1.0
713,False,False,False,False,False,False,False,False,False,False,False,False,False,True,False,False,0.28504940740261286
715,False,False,False,False,False,False,False,False,False,False,False,False,False,True,False,False,0.28504940740261286
717,False,False,False,False,False,False,False,False,False,False,False,True,False,True,False,False,1.0
719,False,False,False,False,False,False,False,False,False,False,False,False,False,True,False,False,0.28504940740261286
720,False,False,False,False,False,False,False,False,False,False,False,True,False,True,False,False,1.0
721,False,False,False,False,False,False,False,False,False,False,False,False,False,True,False,False,0.28504940740261286
722,False,False,False,False,False,False,False,False,False,False,False,True,False,True,False,False,1.0
723,False,False,False,False,False,False,False,False,False,False,False,True,False,True,False,False,1.0
725,False,False,False,False,False,False,False,False,False,False,False,False,False,False,False,False,
726,False,False,False,False,False,False,False,False,False,False,False,False,False,True,False,False,0.28504940740261286
727,False,False,False,False,False,False,False,False,False,False,False,True,False,True,False,False,1.0
728,False,False,False,False,False,False,False,False,False,False,False,True,False,True,False,False,1.0
732,False,False,False,False,False,False,False,False,False,False,False,False,False,True,False,False,0.28504940740261286
734,False,False,False,False,False,False,False,False,False,False,False,False,False,True,False,False,0.28504940740261286
737,False,False,False,False,False,False,False,False,False,False,False,True,False,True,False,False,1.0
741,False,False,False,False,False,False,False,False,False,False,False,True,False,True,False,False,1.0
742,False,False,False,False,False,False,False,False,False,False,False,True,False,True,False,False,1.0
743,False,False,False,False,False,False,False,False,False,False,False,True,False,True,False,False,1.0
744,False,False,False,False,False,False,False,False,False,False,False,True,False,False,False,False,0.2850494074026124
746,False,False,False,False,False,False,False,False,False,False,False,False,False,True,False,False,0.28504940740261286
756,False,False,False,False,False,False,False,False,False,False,False,False,False,True,False,False,0.28504940740261286
758,False,False,False,False,False,False,True,False,False,False,False,True,False,True,False,False,0.5164122683960382
760,False,False,False,False,False,False,False,False,False,False,False,True,False,True,False,False,1.0
761,False,False,False,False,False,False,False,False,False,False,False,True,False,False,False,False,0.2850494074026124
762,False,False,False,False,False,False,False,False,False,False,False,False,False,False,False,False,
763,False,False,False,False,False,False,False,False,False,False,False,False,False,False,False,False,
765,False,False,False,False,False,False,False,False,False,False,False,False,False,False,False,False,
770,False,False,False,False,False,False,False,False,False,False,False,False,False,False,False,False,
774,False,False,False,False,False,False,False,False,False,False,False,False,False,False,False,False,
780,False,False,False,False,False,False,False,False,False,False,False,False,False,False,False,False,
781,False,False,False,False,False,False,False,False,False,False,False,False,False,False,False,False,
782,False,False,False,False,False,False,False,False,False,False,False,False,False,False,False,False,
783,False,False,False,False,False,False,False,False,False,False,False,False,False,False,False,False,
784,False,False,False,False,False,False,False,False,False,False,False,False,False,False,False,False,
785,False,False,False,False,False,False,False,False,False,False,False,False,False,False,False,False,
786,False,False,False,False,False,False,False,False,False,False,False,False,False,False,False,False,
787,False,False,False,False,False,False,False,False,False,False,False,False,False,False,False,False,
789,False,False,False,False,False,False,False,False,False,False,False,False,False,False,False,False,
790,False,False,False,False,False,False,False,False,False,False,False,False,False,False,False,False,
791,False,False,False,False,False,False,False,False,False,False,False,False,False,False,False,False,
795,False,False,False,False,False,False,False,False,False,False,False,False,False,False,False,False,
796,False,False,False,False,False,False,False,False,False,False,False,False,False,False,False,False,
798,False,False,False,False,False,False,False,False,False,False,False,False,False,False,False,False,
801,False,False,False,False,False,False,False,False,False,False,False,False,False,False,False,False,
802,False,False,False,False,False,False,False,False,False,False,False,False,False,False,False,False,
808,False,False,False,False,False,False,False,False,False,False,False,False,False,False,True,False,0.28504940740261286
809,False,False,False,False,False,False,True,True,True,False,False,False,False,False,True,False,0.2277999939882287
812,False,False,False,False,False,True,False,True,True,True,True,False,False,False,False,False,0.0002607296328553943
813,False,False,False,False,False,False,False,False,False,False,False,False,False,False,False,False,
814,False,False,False,False,False,False,False,False,False,False,False,False,False,False,False,False,
815,False,False,False,False,False,False,False,False,False,False,False,False,False,False,False,False,
817,False,False,False,False,False,False,False,False,False,True,False,False,False,False,False,False,0.2850494074026124
818,False,False,False,False,False,True,False,True,True,False,False,False,False,False,False,False,0.02845973691631043
822,False,False,False,False,False,False,False,False,False,False,False,False,False,False,False,False,
824,False,False,False,False,False,False,False,False,False,False,False,False,False,False,False,False,
825,False,False,False,False,False,False,False,False,False,False,False,False,False,False,False,False,
827,False,False,False,False,False,True,False,False,True,True,True,False,False,False,False,False,0.004677734981047177
828,False,False,False,False,False,False,False,False,False,False,False,False,False,False,False,False,
829,False,False,False,False,False,True,False,False,True,False,True,False,False,False,False,False,0.02845973691631043
830,False,False,False,False,False,False,False,False,False,False,False,False,False,False,False,False,
831,False,False,False,False,False,False,False,False,False,False,False,False,False,False,False,False,
832,False,False,False,False,False,False,False,False,False,False,False,False,False,False,False,False,
833,False,False,False,False,False,False,False,False,False,False,False,False,False,False,False,False,
834,False,False,False,False,False,False,False,False,False,False,False,False,False,False,False,False,
836,False,False,False,False,False,False,False,False,True,False,True,False,False,False,False,True,0.5164122683960384
838,False,False,False,False,False,False,False,False,False,False,False,False,False,False,False,True,0.28504940740261286
842,False,False,False,False,False,False,False,False,False,False,True,False,False,False,False,False,0.2850494074026124
848,False,False,False,False,False,False,False,True,False,False,False,False,False,False,False,True,1.0
849,False,False,False,False,False,False,False,False,False,False,True,False,False,False,False,False,0.2850494074026124
852,False,False,False,False,False,False,False,False,False,False,False,False,False,False,False,False,
853,False,False,False,False,False,False,False,False,False,False,False,False,False,False,False,False,
855,False,False,False,False,False,False,False,False,False,False,False,False,False,False,False,False,
856,False,False,False,False,False,False,False,False,False,True,False,False,False,False,False,False,0.2850494074026124
859,False,False,False,False,False,False,False,False,False,False,False,False,False,False,False,False,
860,False,False,False,False,False,False,False,False,False,True,False,False,False,False,False,False,0.2850494074026124
861,False,False,False,False,False,False,False,False,False,False,False,False,False,False,False,False,
862,False,False,False,False,False,True,False,False,False,False,False,False,False,False,False,False,0.28504940740261286
865,False,False,False,False,False,False,False,False,False,False,False,False,False,False,False,False,
867,False,False,False,False,False,False,False,False,False,False,False,True,False,False,False,False,0.2850494074026124
868,False,False,False,False,False,False,False,False,False,False,False,False,False,False,False,True,0.28504940740261286
870,False,False,False,False,False,False,False,False,False,False,False,False,False,False,False,False,
872,False,False,False,False,False,False,False,False,False,False,False,False,False,False,False,False,
873,False,False,False,False,False,False,False,False,False,False,False,False,False,False,False,False,
874,False,False,False,False,False,False,False,False,False,False,False,False,False,False,False,False,
878,False,False,False,False,False,False,False,False,False,False,False,False,False,False,False,False,
879,False,False,False,False,False,False,False,False,False,False,False,False,False,False,False,False,
881,False,False,False,False,False,False,False,False,True,False,False,False,False,False,False,True,1.0
882,False,False,False,False,False,False,False,False,False,False,True,False,False,False,False,False,0.2850494074026124
884,False,False,False,False,False,True,False,False,True,False,False,True,False,False,False,False,0.02845973691631043
889,False,False,False,False,False,False,False,False,False,False,False,False,False,False,False,False,
890,False,False,False,False,False,True,False,True,True,False,True,False,False,False,False,False,0.004677734981047177
891,False,False,False,False,False,True,False,True,True,True,True,False,False,False,False,False,0.0002607296328553943
892,False,False,False,False,False,True,False,False,True,True,False,False,False,False,False,False,0.02845973691631043
893,False,False,False,False,False,True,False,True,True,False,True,False,False,False,False,False,0.004677734981047177
894,False,False,False,False,False,True,False,True,False,False,True,False,False,False,False,False,0.02845973691631043
895,False,False,False,False,False,True,False,False,False,True,True,False,False,False,False,False,0.02845973691631043
897,False,False,False,False,False,True,False,False,True,False,False,False,False,False,False,False,0.10247043485974916
898,False,False,False,False,False,True,False,False,True,True,False,False,False,False,False,False,0.02845973691631043
899,False,False,False,False,False,True,False,True,False,True,False,False,False,False,False,False,0.02845973691631043
900,False,False,False,False,False,True,True,False,False,False,False,True,False,False,False,False,0.02845973691631043
902,False,False,False,False,False,True,False,False,True,True,True,True,False,False,False,False,0.0002607296328553943
903,False,False,False,False,False,True,False,True,False,False,True,False,False,False,False,False,0.02845973691631043
904,False,False,False,False,False,False,False,True,False,False,False,False,False,False,False,False,0.28504940740261286
905,False,False,False,False,False,True,False,False,False,False,False,True,False,False,False,False,0.10247043485974916
906,False,False,False,False,False,True,False,False,False,True,False,False,False,False,False,False,0.10247043485974916
907,False,False,False,False,False,True,False,False,True,False,True,False,False,False,False,False,0.02845973691631043
908,False,False,False,False,False,True,False,False,True,True,True,False,False,False,False,False,0.004677734981047177
909,False,False,False,False,False,True,False,True,True,True,True,False,False,False,False,False,0.0002607296328553943
911,False,False,False,False,False,True,False,False,False,False,True,False,False,False,False,False,0.10247043485974916
913,False,False,False,False,False,True,True,False,False,False,False,False,False,False,False,False,0.10247043485974938
917,False,False,False,False,False,False,False,False,False,True,False,False,False,False,False,False,0.2850494074026124
918,False,False,False,False,False,False,False,False,False,True,False,False,False,False,False,False,0.2850494074026124
919,False,False,False,False,False,False,False,False,False,True,False,False,False,False,False,False,0.2850494074026124
920,False,False,False,False,False,False,False,False,True,False,False,False,False,False,False,False,0.2850494074026124
923,False,False,False,False,False,False,False,False,False,False,False,False,False,False,False,False,
925,False,False,False,False,False,False,False,False,False,False,False,False,False,False,False,False,
927,False,False,False,False,False,False,False,False,False,False,False,False,False,False,False,False,
928,False,False,False,False,False,False,False,False,False,False,False,False,False,False,False,False,
929,False,False,False,False,False,False,True,False,True,False,True,False,False,False,False,False,0.02845973691631043
932,False,False,False,False,False,False,False,False,False,False,False,True,False,False,False,False,0.2850494074026124
933,False,False,False,False,False,False,False,False,False,False,False,True,False,False,False,False,0.2850494074026124
934,False,False,False,False,False,False,False,False,False,False,False,True,False,False,False,False,0.2850494074026124
935,False,False,False,False,False,False,False,False,False,False,False,True,False,False,False,False,0.2850494074026124
936,False,False,False,False,False,False,False,True,True,False,False,False,False,False,False,False,0.10247043485974938
937,False,False,False,False,False,False,False,False,False,False,False,True,False,False,False,False,0.2850494074026124
938,False,False,False,False,False,False,False,False,False,False,False,False,False,False,False,False,
940,False,False,False,False,False,False,False,False,False,False,False,False,False,False,False,False,
941,False,False,False,False,False,False,False,False,False,False,False,False,False,False,False,False,
942,False,False,False,False,False,False,False,False,False,False,False,False,False,False,False,False,
943,False,False,False,False,False,False,False,False,False,False,False,False,False,False,False,False,
945,False,False,False,False,False,False,False,False,False,False,False,True,False,False,False,False,0.2850494074026124
946,False,False,False,False,False,False,False,False,False,False,False,False,False,False,False,False,
948,False,False,False,False,False,False,False,False,False,False,False,True,False,False,False,False,0.2850494074026124
951,False,False,False,False,False,False,False,False,False,False,False,False,False,False,False,False,
952,False,False,False,False,False,False,False,False,False,False,False,True,False,False,False,False,0.2850494074026124
953,False,False,False,False,False,False,False,False,False,False,False,True,False,False,False,False,0.2850494074026124
954,False,False,False,False,False,False,False,False,False,False,False,False,False,False,False,False,
955,False,False,False,False,False,False,False,False,False,False,False,False,False,False,False,False,
957,False,False,False,False,False,False,False,False,False,False,False,False,False,False,False,False,
959,False,False,False,False,False,False,False,False,False,False,False,False,False,False,False,False,
961,False,False,False,False,False,False,False,False,False,False,False,False,False,False,False,False,
962,False,False,False,False,False,False,False,False,False,False,False,True,False,False,False,False,0.2850494074026124
964,False,False,False,False,False,False,False,True,False,False,False,False,False,False,False,False,0.28504940740261286
965,False,False,False,False,False,False,False,True,False,False,False,False,False,False,False,False,0.28504940740261286
966,False,False,False,False,False,False,False,True,False,False,False,True,False,False,False,False,0.10247043485974916
967,False,False,False,False,False,False,False,True,True,True,False,False,False,False,False,False,0.02845973691631043
968,False,False,False,False,False,False,False,True,True,False,False,True,False,False,False,False,0.02845973691631043
969,False,False,False,False,False,False,False,True,True,True,False,True,False,False,False,False,0.004677734981047177
970,False,False,False,False,False,False,False,True,False,True,False,False,False,False,False,False,0.10247043485974938
971,False,False,False,False,False,False,False,True,True,True,False,False,False,False,False,False,0.02845973691631043
973,False,False,False,False,False,False,False,True,True,True,False,False,False,False,False,False,0.02845973691631043
976,False,False,False,False,False,False,False,False,True,False,True,False,False,False,False,True,0.5164122683960384
980,False,False,False,False,False,False,False,False,False,False,False,False,False,False,False,False,
981,False,False,False,False,False,False,False,False,True,False,True,False,False,False,False,False,0.10247043485974938
982,False,False,False,False,False,False,False,False,True,True,False,False,False,False,False,False,0.10247043485974938
983,False,False,False,False,False,False,False,False,True,True,False,False,False,False,False,False,0.10247043485974938
985,False,False,False,False,False,False,False,False,False,False,False,False,False,False,False,True,0.28504940740261286
990,False,False,False,False,False,False,False,False,False,True,True,False,False,False,False,False,0.10247043485974938
992,False,False,False,False,False,False,False,False,False,True,False,False,False,False,False,False,0.2850494074026124
993,False,False,False,False,False,False,False,False,False,True,False,False,False,False,False,False,0.2850494074026124
994,False,False,False,False,False,False,False,False,False,False,False,False,False,False,False,False,
996,False,False,False,False,False,False,False,False,False,True,True,False,False,False,False,False,0.10247043485974938
998,False,False,False,False,False,False,False,False,False,False,False,False,False,False,False,False,
1003,False,False,False,False,False,False,False,False,False,False,False,False,False,False,False,False,
1005,False,False,False,False,False,False,False,False,False,False,False,True,False,False,False,False,0.2850494074026124
1009,False,False,False,False,False,False,False,False,False,False,False,True,False,False,False,False,0.2850494074026124
1022,False,False,False,False,False,False,False,False,False,False,False,True,False,False,False,False,0.2850494074026124
